date,close
4/1/01,0.081818
4/2/01,0.217391
4/3/01,0.169565
4/4/01,0.258333
4/5/01,0.278261
4/6/01,0.65
4/7/01,0.058333
4/8/01,0.095652
4/9/01,0.175
4/10/01,0.095455
4/11/01,0.18125
4/12/01,0.226667
4/13/01,0.259091
4/14/01,0.033333
4/15/01,0.1
4/16/01,0.15
4/17/01,0.216667
4/18/01,0.017391
4/19/01,0.194444
4/20/01,0.404167
4/21/01,0.356522
4/22/01,0.229167
4/23/01,0.304348
4/24/01,0.2875
4/25/01,0.245455
4/26/01,0.258333
4/27/01,0.430435
4/28/01,0.295833
4/29/01,0.1
4/30/01,0.426087
5/1/01,0.641667
5/2/01,0.391304
5/3/01,0.390476
5/4/01,0.3375
5/5/01,0.141667
5/6/01,0.021739
5/7/01,0.2125
5/8/01,0.0875
5/9/01,0.178261
5/10/01,0.313636
5/11/01,0.270833
5/12/01,0.225
5/13/01,0.0125
5/14/01,0.017391
5/15/01,0.029167
5/16/01,0.013636
5/17/01,0.130435
5/18/01,0.221053
5/19/01,0.2375
5/20/01,0.143478
5/21/01,0.233333
5/22/01,0.222727
5/23/01,0.216667
5/24/01,0.216667
5/25/01,0.222727
5/26/01,0.221739
5/27/01,0.208333
5/28/01,0.327273
5/29/01,0.3625
5/30/01,0.141667
5/31/01,0.066667
6/1/01,0.230435
6/2/01,0.33913
6/3/01,0.259091
6/4/01,0.275
6/5/01,0.169565
6/6/01,0.125
6/7/01,0.182609
6/8/01,0.313043
6/9/01,0.208333
6/10/01,0.154167
6/11/01,0.491667
6/12/01,0.218182
6/13/01,0.358824
6/14/01,0.513043
6/15/01,0.495833
6/16/01,0.3375
6/17/01,0.366667
6/18/01,0.286364
6/19/01,0.3875
6/20/01,0.370833
6/21/01,0.222727
6/22/01,0.304348
6/23/01,0.295652
6/24/01,0.241667
6/25/01,0.356522
6/26/01,0.420833
6/27/01,0.308333
6/28/01,0.195833
6/29/01,0.195652
6/30/01,0.263636
7/1/01,0.220833
7/2/01,0.0875
7/3/01,0.2125
7/4/01,0.130435
7/5/01,0.256522
7/6/01,0.154167
7/7/01,0.15
7/8/01,0.166667
7/9/01,0.322727
7/10/01,0.320833
7/11/01,0.179167
7/12/01,0.013636
7/13/01,0.026087
7/14/01,0.030435
7/15/01,0.086364
7/16/01,0.126087
7/17/01,0.225
7/18/01,0.125
7/19/01,0.047826
7/20/01,0.241667
7/21/01,0.083333
7/22/01,0.004348
7/23/01,0.004348
7/24/01,0.006667
7/25/01,0.008696
7/26/01,0.16087
7/27/01,0.070833
7/28/01,0.029167
7/29/01,0.008696
7/30/01,0.477273
7/31/01,0.4875
8/1/01,0.56087
8/2/01,0.55
8/3/01,0.478261
8/4/01,0.445455
8/7/01,0.523077
8/8/01,0.326316
8/9/01,0.452174
8/10/01,0.533333
8/11/01,0.166667
8/12/01,0.095833
8/13/01,0.33913
8/14/01,0.3125
8/15/01,0.430435
8/16/01,0.379167
8/17/01,0.304545
8/18/01,0.247826
8/19/01,0.379167
8/20/01,0.333333
8/21/01,0.517391
8/22/01,0.304167
8/23/01,0.3125
8/24/01,0.252174
8/25/01,0.1625
8/26/01,0.1
8/27/01,0.195652
8/28/01,0.275
8/29/01,0.147619
8/30/01,0.313043
9/1/01,0.236842
9/2/01,0.1875
9/3/01,0.25
9/4/01,0.506667
9/5/01,0.55
9/6/01,0.377778
9/7/01,0.5
9/10/01,0.3625
9/11/01,0.145833
9/12/01,0.217391
9/13/01,0.316667
9/14/01,0.304348
9/15/01,0.291304
9/16/01,0.283333
9/17/01,0.430435
9/18/01,0.543478
9/19/01,0.379167
9/20/01,0.36087
9/21/01,0.45
9/22/01,0.316667
9/23/01,0.46087
9/24/01,0.466667
9/25/01,0.290909
9/26/01,0.1875
9/27/01,0.3
9/28/01,0.2875
9/29/01,0.0125
9/30/01,0
10/1/01,0.404545
10/2/01,0.479167
10/3/01,0.416667
10/4/01,0.263636
10/5/01,0.245833
10/6/01,0.083333
10/7/01,0.029167
10/8/01,0.052174
10/9/01,0.145833
10/10/01,0.209091
10/11/01,0.252174
10/12/01,0.347619
10/13/01,0.3
10/14/01,0.033333
10/15/01,0.23913
10/16/01,0.420833
10/17/01,0.120833
10/18/01,0.06087
10/19/01,0.368421
10/20/01,0.395652
10/21/01,0.383333
10/22/01,0.627273
10/23/01,0.741667
10/24/01,0.4375
10/25/01,0.354167
10/26/01,0.252174
10/27/01,0.091667
11/7/01,0.083333
11/8/01,0.269565
11/9/01,0.166667
11/10/01,0.926087
11/11/01,0.55
11/12/01,0.058333
11/13/01,0.526087
11/14/01,0.530435
11/15/01,0.804545
11/16/01,0.383333
11/17/01,0.178261
11/18/01,0.229167
11/19/01,0.241667
11/20/01,0.134783
11/21/01,0.318182
11/22/01,0.804348
11/23/01,1.216667
11/24/01,0.504545
11/25/01,0.4
11/26/01,0.352174
11/27/01,0.222222
11/28/01,0.433333
11/29/01,0.521739
11/30/01,1.277273
12/1/01,0.2875
12/2/01,0.304348
12/3/01,0.631818
12/4/01,0.947826
12/5/01,1.404348
12/6/01,0.891667
12/7/01,0.452174
12/8/01,0.4
12/9/01,0.3625
12/10/01,0.865217
12/11/01,0.933333
12/12/01,0.5
12/13/01,0.995652
12/14/01,0.754167
12/15/01,0.329167
12/16/01,0.178261
12/17/01,0.804348
12/18/01,0.5125
12/19/01,0.880952
12/20/01,1.108333
12/21/01,0.258333
12/22/01,0.182609
12/23/01,0.6
12/24/01,0.75
12/25/01,0.373913
12/26/01,0.758333
12/27/01,0.483333
12/28/01,0.491304
12/29/01,0.379167
12/30/01,0.283333
12/31/01,0.343478
1/1/02,0.247826
1/2/02,0.322222
1/3/02,0.4
1/11/02,0.690909
1/12/02,0.530435
1/13/02,0.479167
1/14/02,0.481818
1/15/02,0.666667
1/16/02,0.425
1/17/02,0.616667
1/18/02,0.475
1/19/02,0.504348
1/20/02,0.518182
1/21/02,0.895833
1/22/02,0.530435
1/23/02,0.4875
1/24/02,0.71
1/25/02,0.3875
1/26/02,0.418182
1/27/02,0.730435
1/28/02,0.852174
1/29/02,0.845455
1/30/02,0.6125
1/31/02,0.3
2/1/02,0.572727
2/2/02,0.2
2/3/02,0.404348
2/4/02,0.5875
2/5/02,0.2
2/6/02,0.39
2/7/02,0.878261
2/8/02,0.6375
2/9/02,0.404348
2/10/02,0.7
2/11/02,0.408333
2/12/02,0.417391
2/13/02,0.3875
2/14/02,0.465217
2/15/02,0.45
2/16/02,0.618182
2/17/02,0.958333
2/18/02,0.33913
2/19/02,0.605263
2/20/02,1.01875
2/21/02,0.678261
2/22/02,0.583333
2/23/02,0.417391
2/24/02,0.383333
2/25/02,0.541667
2/26/02,0.46087
2/27/02,0.5
2/28/02,0.322222
3/1/02,0.528571
3/2/02,0.938095
3/3/02,0.375
3/4/02,0.358333
3/5/02,0.36087
3/6/02,0.745455
3/7/02,0.829167
3/8/02,0.495652
3/9/02,0.531818
3/10/02,0.283333
3/11/02,0.304348
3/12/02,0.609091
3/13/02,1.025
3/14/02,0.530435
3/15/02,0.683333
3/16/02,0.545833
3/17/02,0.3
3/18/02,0.3875
3/19/02,0.425
3/20/02,0.470833
3/21/02,0.377273
3/22/02,0.254167
3/23/02,0.295652
3/24/02,0.283333
3/25/02,0.321739
3/26/02,0.36
3/27/02,0.826316
3/28/02,0.304348
3/29/02,0.530435
3/30/02,0.436364
3/31/02,0.970833
4/1/02,0.370833
4/2/02,0.368182
4/3/02,0.379167
4/4/02,0.247826
4/5/02,0.304545
4/6/02,0.245833
4/7/02,0.195652
4/8/02,0.35
4/9/02,0.3375
4/10/02,0.35
4/11/02,0.295833
4/12/02,0.430435
4/13/02,0.3
4/14/02,0.2
4/15/02,0.366667
4/16/02,0.582609
4/17/02,0.523529
4/18/02,0.427273
4/19/02,0.508696
4/20/02,0.386364
4/21/02,0.25
4/22/02,0.265217
4/23/02,0.245455
4/24/02,0.365217
4/25/02,0.425
4/26/02,0.310526
4/27/02,0.321739
4/28/02,0.325
4/29/02,0.354545
4/30/02,0.521739
5/1/02,0.447826
5/2/02,0.758333
5/3/02,0.354167
5/4/02,0.343478
5/5/02,0.416667
5/6/02,0.441667
5/7/02,0.413043
5/8/02,0.383333
5/9/02,0.4
5/10/02,0.3875
5/11/02,0.245455
5/12/02,0.325
5/13/02,0.270833
5/14/02,0.286364
5/15/02,0.283333
5/16/02,0.358333
5/17/02,0.3625
5/18/02,0.258333
5/19/02,0.183333
5/20/02,0.245833
5/21/02,0.254167
5/22/02,0.23913
5/23/02,0.340909
5/24/02,0.320833
5/25/02,0.230435
5/26/02,0.254167
5/27/02,0.434783
5/28/02,0.458333
5/29/02,0.55
5/30/02,0.3
5/31/02,0.241667
6/1/02,0.1875
6/2/02,0.1125
6/3/02,0.1
6/4/02,0.170833
6/5/02,0.221739
6/6/02,0.3125
6/7/02,0.259091
6/8/02,0.304167
6/9/02,0.243478
6/9/02,0.190909
6/10/02,1.692308
6/10/02,0.333333
6/13/02,0.414286
6/14/02,0.229167
6/15/02,0.0375
6/16/02,0.086364
6/17/02,0.108333
6/18/02,0.152174
6/19/02,0.291667
6/20/02,0.395833
6/21/02,0.178261
6/22/02,0.166667
6/23/02,0.178261
6/24/02,0.045833
6/25/02,0.133333
6/26/02,0.173913
7/11/02,0.119048
7/12/02,0.245833
7/13/02,0.183333
7/14/02,0.1875
7/15/02,0.252174
7/16/02,0.141667
7/17/02,0.182609
7/18/02,0.404348
7/19/02,0.4125
7/20/02,0.234783
7/21/02,0.229167
7/22/02,0.204545
7/23/02,0.241667
7/24/02,0.033333
7/25/02,0.095833
7/26/02,0.029167
7/27/02,0.156522
7/28/02,0.254167
7/29/02,0.213043
7/30/02,0.2125
7/31/02,0.118182
8/6/02,0.020833
8/7/02,0.004348
8/8/02,0.065217
8/9/02,0.044444
8/10/02,0.020833
8/11/02,0.05
8/12/02,0.122727
8/13/02,0.208696
8/14/02,0.1375
8/15/02,0.041667
8/16/02,0.117391
8/17/02,0.034783
8/18/02,0.041667
8/19/02,0.121739
8/20/02,0.120833
8/21/02,0.033333
8/22/02,0.033333
8/23/02,0.06087
8/24/02,0.1125
8/25/02,0.108696
8/26/02,0.120833
8/27/02,0.073333
8/28/02,0
8/29/02,0.004348
8/30/02,0.122727
8/31/02,0.141667
9/1/02,0
9/2/02,0
9/3/02,0.143478
9/4/02,0.231818
9/5/02,0.158333
9/6/02,0.373913
9/13/02,0.220833
9/14/02,0.4
9/15/02,0.183333
9/16/02,0.236364
9/17/02,0.74
9/18/02,0.53913
9/19/02,0.45
9/20/02,0.43
9/21/02,0.378261
9/22/02,0.343478
9/23/02,0.395455
9/24/02,0.366667
9/25/02,0.573913
9/26/02,0.36
9/27/02,0.361905
9/28/02,0.234783
9/29/02,0.309091
9/30/02,0.352174
10/1/02,0.358333
10/2/02,0.495833
10/3/02,0.352174
10/4/02,0.3625
10/5/02,0.263636
10/6/02,0.220833
10/7/02,0.486957
10/8/02,0.264706
10/9/02,0.4
10/10/02,0.483333
10/11/02,0.431818
10/12/02,0.270833
10/13/02,0.295833
10/14/02,0.231818
10/15/02,0.391667
10/16/02,0.291304
10/17/02,0.466667
10/18/02,0.413043
10/19/02,0.386957
10/20/02,0.279167
10/21/02,0.378261
10/22/02,0.358333
10/23/02,0.373684
10/24/02,0.375
10/25/02,0.56087
10/26/02,0.4
10/27/02,0.25
10/28/02,0.26087
10/29/02,0.290909
10/30/02,0.3375
10/31/02,0.5625
11/1/02,0.486364
11/2/02,0.291304
11/3/02,0.358333
11/4/02,0.813636
11/5/02,0.408696
11/6/02,0.313043
11/7/02,0.3125
11/8/02,0.373913
11/9/02,0.395833
11/10/02,0.277273
11/11/02,0.2625
11/12/02,0.45
11/13/02,0.320833
11/14/02,0.4125
11/15/02,0.53913
11/16/02,0.25
11/17/02,0.216667
11/18/02,0.2125
11/27/02,0.304348
11/28/02,0.304167
11/29/02,0.382609
11/30/02,0.475
12/1/02,0.204545
12/2/02,0.370833
12/3/02,0.343478
12/4/02,0.425
12/5/02,0.491304
12/6/02,0.558333
12/7/02,0.513636
12/8/02,0.386957
12/9/02,0.358333
12/10/02,0.6
12/11/02,0.813043
12/12/02,0.270833
12/13/02,0.7625
12/14/02,0.191304
12/15/02,0.183333
12/16/02,0.422727
12/17/02,0.3
12/18/02,0.845833
12/19/02,0.690909
12/20/02,0.526087
12/21/02,0.3
12/22/02,0.333333
12/23/02,0.347826
12/24/02,0.35
12/25/02,0.222727
12/26/02,0.2375
12/27/02,0.495833
12/28/02,0.727273
12/29/02,0.326087
12/30/02,0.420833
12/31/02,0.866667
1/1/03,0.486957
1/2/03,0.295833
1/3/03,0.345455
1/4/03,0.217391
1/5/03,0.291667
1/6/03,0.55
1/7/03,0.3
1/8/03,0.4125
1/9/03,0.625
1/10/03,0.495652
1/11/03,0.247826
1/12/03,0.204545
1/13/03,0.347826
1/14/03,0.273333
1/15/03,0.568182
1/16/03,0.482609
1/17/03,0.526087
1/18/03,0.479167
1/19/03,0.76087
1/20/03,0.421739
1/21/03,0.4625
1/22/03,0.421739
1/23/03,0.404167
1/24/03,0.370833
1/25/03,0.466667
1/26/03,0.604167
1/27/03,0.336364
1/28/03,0.45
1/29/03,0.795833
1/30/03,0.836364
1/31/03,0.734783
2/1/03,0.491304
2/2/03,0.55
2/3/03,0.675
2/4/03,1.030435
2/5/03,0.516667
2/6/03,0.6625
2/7/03,0.9125
2/8/03,0.709091
2/9/03,0.743478
2/10/03,1.078261
2/11/03,0.713636
2/12/03,0.778261
2/13/03,0.675
2/14/03,0.604545
2/15/03,0.434783
2/16/03,0.525
2/17/03,0.468182
2/18/03,0.541667
2/19/03,0.7875
2/20/03,0.7
2/21/03,0.7375
2/22/03,0.921739
2/23/03,0.575
2/24/03,0.527778
2/25/03,0.43913
2/26/03,0.595833
2/27/03,0.917391
2/28/03,0.845833
3/1/03,0.813636
3/2/03,0.654167
3/3/03,0.486957
3/4/03,0.575
3/5/03,0.758333
3/6/03,0.517391
3/7/03,0.608333
3/8/03,0.578261
3/9/03,0.434783
3/10/03,0.491667
3/11/03,0.55
3/12/03,0.583333
3/13/03,0.708333
3/14/03,0.483333
3/15/03,0.733333
3/16/03,0.945455
3/17/03,1.369565
3/18/03,0.673913
3/19/03,0.5
3/20/03,0.616667
3/21/03,0.5625
3/22/03,0.925
3/23/03,0.526087
3/24/03,0.705556
3/25/03,0.540909
3/26/03,0.443478
3/27/03,0.479167
3/28/03,0.686364
3/29/03,0.382609
3/30/03,0.378261
3/31/03,0.379167
4/1/03,0.479167
4/2/03,0.595833
4/3/03,0.65
4/4/03,0.547826
4/5/03,0.404348
4/6/03,0.340909
4/7/03,0.475
4/8/03,0.608696
4/9/03,0.683333
4/10/03,0.685714
4/11/03,0.578261
4/12/03,0.604167
4/13/03,0.566667
4/14/03,0.654167
4/15/03,0.6
4/16/03,0.565217
4/17/03,0.491304
4/18/03,0.479167
4/19/03,0.495833
4/20/03,0.491304
4/21/03,0.57619
4/22/03,0.554167
4/23/03,0.534783
4/24/03,0.431579
4/25/03,0.526087
4/26/03,0.46087
4/27/03,0.479167
4/28/03,0.708696
4/29/03,0.5125
4/30/03,0.427273
5/1/03,0.547826
5/2/03,0.395652
5/3/03,0.379167
5/4/03,0.530435
5/5/03,0.573913
5/6/03,0.545833
5/7/03,0.595652
5/8/03,0.566667
5/9/03,0.581818
5/10/03,0.5375
5/11/03,0.386957
5/12/03,0.4375
5/13/03,0.495652
5/14/03,0.470833
5/15/03,0.833333
5/16/03,0.508333
5/17/03,0.5625
5/18/03,0.831818
5/19/03,0.756522
5/20/03,0.508696
5/21/03,0.540909
5/22/03,0.620833
5/23/03,0.741667
5/24/03,0.645455
5/25/03,0.691667
5/26/03,0.808696
5/27/03,0.85
5/28/03,0.826087
5/29/03,0.665217
5/30/03,0.75
5/31/03,0.765217
6/1/03,0.66087
6/2/03,0.631818
6/3/03,0.630435
6/4/03,0.686957
6/5/03,0.783333
6/6/03,0.75
6/7/03,0.926087
6/8/03,0.672727
6/9/03,0.725
6/10/03,0.7
6/11/03,0.718182
6/12/03,0.8
6/13/03,0.634783
6/14/03,0.604167
6/15/03,0.752174
6/16/03,0.4875
6/17/03,0.509091
6/18/03,0.56875
6/19/03,0.695833
6/20/03,0.640909
6/21/03,0.852174
6/22/03,0.552174
6/23/03,0.641667
6/24/03,0.979167
6/25/03,0.7875
6/26/03,0.740909
6/27/03,0.817391
6/28/03,0.569565
6/29/03,0.627273
6/30/03,0.591667
7/1/03,0.552174
7/2/03,0.5875
7/3/03,0.554167
7/4/03,0.520833
7/5/03,0.554545
7/6/03,0.508696
7/7/03,0.654167
7/8/03,0.572727
7/9/03,0.533333
7/10/03,0.55
7/11/03,0.545833
7/12/03,0.5125
7/13/03,0.478261
7/14/03,0.566667
7/15/03,0.608696
7/16/03,0.521739
7/17/03,0.481818
7/18/03,0.625
7/19/03,0.675
7/20/03,0.490909
7/21/03,0.491304
7/22/03,0.566667
7/23/03,0.513636
7/24/03,0.494444
7/25/03,0.482609
7/26/03,0.445455
7/27/03,0.486957
7/28/03,0.378261
7/29/03,0.441667
7/30/03,0.526087
7/31/03,0.483333
8/1/03,0.570833
8/2/03,0.552174
8/3/03,0.708333
8/4/03,0.518182
8/5/03,0.533333
8/6/03,0.513043
8/7/03,0.516667
8/8/03,0.533333
8/9/03,0.565217
8/10/03,0.390909
8/11/03,0.4625
8/12/03,0.447368
8/13/03,0.575
8/14/03,0.56087
8/15/03,0.5875
8/16/03,0.495
8/17/03,0.4875
8/18/03,0.617391
8/19/03,0.536364
8/20/03,0.5625
8/21/03,0.642857
8/22/03,0.725
8/23/03,0.582609
8/24/03,0.430435
8/25/03,0.525
8/26/03,0.679167
8/27/03,0.656522
8/28/03,0.572727
8/29/03,0.74
8/30/03,0.608696
8/31/03,0.495833
9/1/03,0.595833
9/2/03,0.7
9/3/03,0.579167
9/4/03,0.766667
9/5/03,0.708696
9/6/03,0.554167
9/7/03,0.491304
9/8/03,0.445833
9/9/03,0.4
9/10/03,0.666667
9/11/03,0.486957
9/12/03,0.483333
9/13/03,0.441667
9/14/03,0.5375
9/15/03,0.690909
9/16/03,0.566667
9/17/03,0.5875
9/18/03,0.647368
9/19/03,0.6875
9/20/03,0.795833
9/21/03,0.654545
9/22/03,0.752174
9/23/03,0.730435
9/24/03,0.547368
9/25/03,0.469565
9/26/03,0.4
9/27/03,0.379167
9/28/03,0.45
9/29/03,0.369565
9/30/03,0.366667
10/1/03,0.547826
10/2/03,0.426087
10/3/03,0.329167
10/4/03,0.565217
10/5/03,0.35
10/6/03,0.458333
10/7/03,0.526087
10/8/03,0.591667
10/9/03,0.733333
10/10/03,0.573913
10/11/03,0.633333
10/12/03,0.563636
10/13/03,0.5125
10/14/03,0.795652
10/15/03,0.4
10/16/03,0.429167
10/17/03,0.5625
10/18/03,0.45
10/19/03,0.5625
10/20/03,0.682609
10/21/03,0.581818
10/22/03,0.504348
10/23/03,0.495833
10/24/03,0.508333
10/25/03,0.782609
10/26/03,0.413043
10/27/03,0.483333
10/28/03,0.5125
10/29/03,0.486957
10/30/03,0.545833
10/31/03,0.852381
11/1/03,0.7125
11/2/03,0.477273
11/3/03,0.754167
11/4/03,0.508696
11/5/03,0.716667
11/6/03,0.808696
11/7/03,0.745833
11/8/03,0.513636
11/9/03,0.65
11/10/03,0.945833
11/11/03,1.172727
11/12/03,1.383333
11/13/03,0.686957
11/14/03,0.6375
11/15/03,0.733333
11/16/03,0.854167
11/17/03,1.4
11/18/03,1.421739
11/19/03,0.87619
11/20/03,0.652941
11/21/03,0.579167
11/22/03,0.891667
11/23/03,0.481818
11/24/03,0.982609
11/25/03,0.566667
11/26/03,0.808333
11/27/03,0.908333
11/28/03,1
11/29/03,0.436364
11/30/03,0.525
12/1/03,0.620833
12/2/03,0.509091
12/3/03,0.445833
12/4/03,0.6875
12/5/03,0.595455
12/6/03,0.504348
12/7/03,0.447826
12/8/03,0.516667
12/9/03,1.1
12/10/03,1.065217
12/11/03,0.668182
12/12/03,0.625
12/13/03,0.521739
12/14/03,0.486364
12/15/03,0.4625
12/16/03,0.916667
12/17/03,0.827273
12/18/03,0.525
12/19/03,0.654167
12/20/03,0.568182
12/21/03,0.383333
12/22/03,0.705556
12/23/03,1.136364
12/24/03,0.8375
12/25/03,0.804348
12/26/03,0.572727
12/27/03,0.616667
12/28/03,0.9375
12/29/03,0.795455
12/30/03,0.647826
12/31/03,0.670833
1/1/04,0.489474
1/2/04,0.8
1/7/04,0.36
1/8/04,0.385714
1/9/04,0.356522
1/10/04,0.25
1/11/04,0.191667
1/12/04,0.579167
1/13/04,0.40625
1/14/04,0.017391
1/15/04,0
1/16/04,0.0125
1/17/04,0.2125
1/18/04,0.43913
1/19/04,0.072727
1/20/04,0.026087
1/21/04,0.170833
1/22/04,0.413636
1/23/04,0.043478
1/24/04,0
1/25/04,0
1/26/04,0.066667
1/27/04,0.179167
1/28/04,0.240909
1/29/04,0.069565
1/30/04,0.075
1/31/04,0.063636
2/1/04,0.016667
2/2/04,0.35
2/3/04,0.554545
2/4/04,0.213043
2/5/04,0.083333
2/6/04,0.316667
2/7/04,0.273913
2/8/04,0
2/9/04,0.1375
2/10/04,0.4375
2/11/04,0.178261
2/12/04,0.170833
2/13/04,0.304167
2/14/04,0.173913
2/15/04,0.018182
2/16/04,0
2/17/04,0.125
2/18/04,0.168182
2/19/04,0.091304
2/20/04,0.3625
2/21/04,0.318182
2/22/04,0.143478
2/23/04,0.054167
2/24/04,0.118182
2/25/04,0.073913
2/26/04,0.05
2/27/04,0.116667
2/28/04,0.166667
2/29/04,0.369565
3/1/04,0.433333
3/2/04,0.36087
3/3/04,0.3125
3/4/04,0.566667
3/5/04,0.826087
3/6/04,0.5
3/7/04,0.227273
3/8/04,0.217391
3/9/04,0.291667
3/10/04,0.322727
3/11/04,0.272222
3/12/04,0.421739
3/13/04,0.081818
3/14/04,0.083333
3/15/04,0.191667
3/16/04,0.131818
3/17/04,0.043478
3/18/04,0.091667
3/19/04,0.127273
3/20/04,0.304348
3/21/04,0.230435
3/22/04,0.027273
3/23/04,0.054167
3/24/04,0.383333
3/25/04,0.368182
3/26/04,0.408333
3/27/04,0.408696
3/28/04,0.204545
3/29/04,0.13913
3/30/04,0.16087
3/31/04,0.236364
4/1/04,0.165217
4/2/04,0.241667
4/3/04,0.218182
4/4/04,0.443478
4/5/04,0.134783
4/6/04,0.070833
4/7/04,0.229167
4/8/04,0.35
4/9/04,0.254545
4/10/04,0
4/11/04,0
4/12/04,0.018182
4/13/04,0.116667
4/14/04,0.270833
4/15/04,0.009091
4/16/04,0.025
4/17/04,0.13913
4/18/04,0.036364
4/19/04,0
4/20/04,0.004167
4/21/04,0.004545
4/22/04,0.025
4/23/04,0.021739
4/24/04,0
4/25/04,0
4/26/04,0.304167
4/27/04,0.340909
4/28/04,0.013043
4/29/04,0
4/30/04,0.054167
5/1/04,0.017391
5/2/04,0
5/3/04,0.1375
5/4/04,0.004348
5/5/04,0.116667
5/6/04,0.291667
5/7/04,0.182609
5/8/04,0.120833
5/9/04,0.116667
5/10/04,0.330435
5/11/04,0.2
5/12/04,0.4125
5/13/04,0.165217
5/14/04,0.229167
5/15/04,0.158333
5/16/04,0.104348
5/17/04,0.191304
5/18/04,0.15
5/19/04,0.2
5/20/04,0.204348
5/21/04,0.2125
5/22/04,0.173913
5/23/04,0.104348
5/24/04,0.129167
5/25/04,0.113043
5/26/04,0.1625
5/27/04,0.170833
5/28/04,0.345833
5/29/04,0.052174
5/30/04,0.0375
5/31/04,0.152174
6/1/04,0.066667
6/2/04,0.1875
6/3/04,0.108696
6/4/04,0.111111
6/5/04,0.036364
6/6/04,0
6/7/04,0.129167
6/8/04,0.327273
6/9/04,0.204348
6/10/04,0.126087
6/11/04,0.072727
6/12/04,0.052174
6/13/04,0
6/14/04,0.0875
6/15/04,0.1
6/16/04,0.204167
6/17/04,0.288235
6/18/04,0.221739
6/19/04,0.069565
6/20/04,0
6/21/04,0.016667
6/22/04,0.15
6/23/04,0.104167
6/24/04,0.173913
6/25/04,0.1
6/26/04,0.109091
6/27/04,0.004348
6/28/04,0.004167
6/29/04,0.1125
6/30/04,0.073913
7/1/04,0.156522
7/2/04,0.15
7/3/04,0.117391
7/4/04,0.16087
7/5/04,0.1
7/6/04,0.120833
7/7/04,0.084211
7/8/04,0.195455
7/9/04,0.043478
7/10/04,0.0125
7/11/04,0.05
7/12/04,0.073913
7/13/04,0.056522
7/14/04,0.063636
7/15/04,0.154167
7/16/04,0.086957
7/17/04,0.022727
7/18/04,0.117391
7/19/04,0.120833
7/20/04,0.085
7/21/04,0.258333
7/22/04,0.165217
7/23/04,0.127273
7/24/04,0.030435
7/25/04,0
7/26/04,0.05
7/27/04,0
7/28/04,0.0875
7/29/04,0.183333
7/30/04,0.147826
7/31/04,0
8/1/04,0
8/2/04,0.083333
8/3/04,0.104348
8/4/04,0.054167
8/5/04,0.056522
8/6/04,0.027273
8/7/04,0.090909
8/8/04,0
8/9/04,0
8/10/04,0.033333
8/11/04,0
8/12/04,0
8/13/04,0.079167
8/14/04,0.008333
8/15/04,0.017391
8/16/04,0.004167
8/17/04,0.06
8/18/04,0.0125
8/19/04,0.022727
8/20/04,0.091667
8/21/04,0.034783
8/22/04,0
8/23/04,0.016667
8/24/04,0.033333
8/25/04,0.027273
8/26/04,0
8/27/04,0
8/28/04,0
8/29/04,0
8/30/04,0
8/31/04,0
9/1/04,0.004167
9/2/04,0
9/3/04,0
9/4/04,0
9/5/04,0
9/6/04,0
9/7/04,0.041667
9/8/04,0.069565
9/9/04,0.066667
9/10/04,0
9/11/04,0.029167
9/12/04,0.163636
9/13/04,0.0375
9/14/04,0
9/15/04,0.025
9/16/04,0.104167
9/17/04,0.052174
9/18/04,0
9/19/04,0
9/20/04,0.025
9/21/04,0.241667
9/22/04,0.155556
9/23/04,0.295833
9/24/04,0.427273
9/25/04,0.134783
9/26/04,0.170833
9/27/04,0.418182
9/28/04,0.386957
9/29/04,0.066667
9/30/04,0.308333
11/17/04,1.029167
11/18/04,0.682609
11/19/04,0.382609
11/20/04,0.286364
11/21/04,0.170833
11/22/04,0.404167
11/23/04,1.054167
11/24/04,0.425
11/25/04,0.078261
11/26/04,0.291667
11/27/04,0.46087
11/28/04,0.126087
11/29/04,0.3125
11/30/04,0.4375
12/1/04,0.217391
12/2/04,0.305882
12/3/04,0.621739
12/4/04,0.354167
12/5/04,0.295455
12/6/04,0.5125
12/7/04,0.238095
12/8/04,0.304167
12/9/04,0.4375
12/10/04,0.195652
12/11/04,0.404167
12/12/04,0.282609
12/13/04,0.375
12/14/04,0.283333
12/15/04,0.3625
12/16/04,0.591667
12/17/04,0.381818
12/18/04,0.5375
12/19/04,0.643478
12/20/04,0.395455
12/21/04,0.5
12/22/04,0.916667
12/23/04,0.395455
12/24/04,0.266667
12/25/04,0.4125
12/26/04,0.259091
12/27/04,0.2875
12/28/04,0.504167
12/29/04,0.541667
12/30/04,0.895833
12/31/04,0.565217
1/1/05,0.305263
1/2/05,0.343478
1/3/05,0.475
1/4/05,0.568182
1/5/05,0.426087
1/6/05,0.388889
1/7/05,0.470833
1/8/05,0.617391
1/9/05,0.55
1/10/05,0.509091
1/11/05,0.520833
1/12/05,0.33913
1/13/05,0.65
1/14/05,0.204167
1/15/05,0.395833
1/16/05,0.436364
1/17/05,0.358333
1/18/05,0.5
1/19/05,0.708333
1/20/05,0.6
1/21/05,0.504167
1/22/05,0.825
1/23/05,0.352174
1/24/05,0.575
1/25/05,0.55
1/26/05,0.508696
1/27/05,0.4875
1/28/05,0.633333
1/29/05,0.86087
1/30/05,0.613043
1/31/05,0.5875
2/1/05,1.679167
2/2/05,1.291304
2/3/05,0.740909
2/4/05,0.508333
2/5/05,0.729167
2/6/05,0.418182
2/7/05,1.520833
2/8/05,0.821053
2/9/05,0.945833
2/10/05,0.552174
2/11/05,0.486957
2/12/05,0.527273
2/13/05,0.456522
2/14/05,0.626087
2/15/05,0.4875
2/16/05,0.6
2/17/05,0.4625
2/18/05,0.5
2/19/05,0.5
2/20/05,0.469565
2/21/05,0.409091
2/22/05,0.5125
2/23/05,0.382609
2/24/05,0.418182
2/25/05,0.3875
2/26/05,0.53913
2/27/05,0.425
2/28/05,0.438095
3/1/05,0.320833
3/2/05,0.345455
3/3/05,0.3875
3/4/05,0.456522
3/5/05,0.458333
3/6/05,0.313043
3/7/05,0.334783
3/8/05,0.341667
3/9/05,0.361111
3/10/05,0.4625
3/11/05,0.613636
3/12/05,0.495652
3/13/05,0.317391
3/14/05,0.318182
3/15/05,0.282609
3/16/05,0.320833
3/17/05,0.441667
3/18/05,0.478261
3/19/05,0.333333
3/20/05,0.340909
3/21/05,0.4
3/22/05,0.395652
3/23/05,0.368182
3/24/05,0.3
3/25/05,0.286957
3/26/05,0.3
3/27/05,0.295652
3/28/05,0.345833
3/29/05,0.231818
3/30/05,0.355556
3/31/05,0.356522
4/1/05,0.345455
4/2/05,0.186957
4/3/05,0.116667
4/4/05,0.266667
4/5/05,0.25
4/6/05,0.3875
4/7/05,0.3
4/8/05,0.208333
4/9/05,0.258333
4/10/05,0.272727
4/11/05,0.208696
4/12/05,0.234783
4/13/05,0.275
4/14/05,0.213043
4/15/05,0.2375
4/16/05,0.413636
4/17/05,0.333333
4/18/05,0.252174
4/19/05,0.35
4/20/05,0.173913
4/21/05,0.1625
4/22/05,0.318182
4/23/05,0.165217
4/24/05,0.0625
4/25/05,0.163636
4/26/05,0.180952
4/27/05,0.134783
4/28/05,0.1
4/29/05,0.133333
4/30/05,0.234783
5/1/05,0.058333
5/2/05,0.121739
5/3/05,0.1375
5/4/05,0.213636
5/5/05,0.170833
5/6/05,0.252174
5/7/05,0.016667
5/8/05,0
5/9/05,0.065217
5/10/05,0.075
5/11/05,0.063636
5/12/05,0.0375
5/13/05,0.116667
5/14/05,0.2
5/15/05,0.013043
5/16/05,0.1125
5/17/05,0.079167
5/18/05,0.086957
5/19/05,0.113636
5/20/05,0.16087
5/21/05,0.082609
5/22/05,0
5/23/05,0.043478
5/24/05,0.02
5/25/05,0
5/26/05,0.058333
5/27/05,0.158333
5/28/05,0.063636
5/29/05,0.0875
5/30/05,0.116667
5/31/05,0.118182
6/1/05,0.016667
6/2/05,0.034783
6/3/05,0
6/4/05,0.058333
6/5/05,0.069565
6/6/05,0.020833
6/7/05,0.02
6/8/05,0.004348
6/9/05,0.058333
6/10/05,0.017391
6/11/05,0
6/12/05,0
6/13/05,0
6/14/05,0
6/15/05,0
6/16/05,0
6/17/05,0
6/18/05,0
6/19/05,0
6/20/05,0.021739
6/21/05,0
6/22/05,0.020833
6/23/05,0
6/24/05,0.0875
6/25/05,0.16087
6/26/05,0.121429
6/27/05,0.3
6/28/05,0.147826
6/29/05,0.169565
6/30/05,0.1625
7/1/05,0.220833
7/2/05,0.1
7/3/05,0.141667
7/4/05,0.221739
7/5/05,0.169565
7/6/05,0.1625
7/7/05,0.129167
7/8/05,0.108696
7/9/05,0.079167
7/10/05,0.058333
7/11/05,0.113043
7/12/05,0.113636
7/13/05,0.130435
7/14/05,0.055
7/15/05,0.129167
7/16/05,0.152174
7/17/05,0.020833
7/18/05,0.104167
7/19/05,0.066667
7/20/05,0.029167
7/21/05,0.095833
7/22/05,0.1
7/23/05,0.004348
7/24/05,0.033333
7/25/05,0.0625
7/26/05,0.095652
7/27/05,0.081818
7/28/05,0.05
7/29/05,0.1125
7/30/05,0.086364
7/31/05,0.013043
8/1/05,0.095833
8/2/05,0.154545
8/3/05,0.0625
8/4/05,0.052174
8/5/05,0.033333
8/6/05,0.0125
8/7/05,0.013043
8/8/05,0.045455
8/9/05,0
8/10/05,0
8/11/05,0.0125
8/12/05,0.091667
8/13/05,0.0125
8/14/05,0.072727
8/15/05,0.030435
8/16/05,0
8/17/05,0
8/18/05,0
8/19/05,0.029167
8/20/05,0.016667
8/21/05,0
8/22/05,0.020833
8/23/05,0.022222
8/24/05,0.009524
8/25/05,0.025
8/26/05,0.1
8/27/05,0.026087
8/28/05,0
8/29/05,0
8/30/05,0
8/31/05,0
9/1/05,0
9/2/05,0.016667
9/3/05,0.004348
9/4/05,0.0125
9/5/05,0.0375
9/6/05,0.105
9/7/05,0.020833
9/8/05,0.033333
9/9/05,0.045833
9/10/05,0.054167
9/11/05,0
9/12/05,0.020833
9/13/05,0.0875
9/14/05,0
9/15/05,0.054167
9/16/05,0.009091
9/17/05,0
9/18/05,0
9/19/05,0.025
9/20/05,0
9/21/05,0
9/22/05,0.031818
9/23/05,0
9/24/05,0.033333
9/25/05,0.018182
9/26/05,0
9/27/05,0
9/28/05,0.033333
9/29/05,0
9/30/05,0.041667
10/1/05,0.3375
10/2/05,0.379167
10/3/05,0.756522
10/4/05,0.340909
10/5/05,0.356522
10/6/05,0.18
10/7/05,0.220833
10/8/05,0.2
10/9/05,0.126087
10/10/05,0.1875
10/11/05,0.213636
10/12/05,0.120833
10/13/05,0.133333
10/14/05,0.1375
10/15/05,0.108333
10/16/05,0.131818
10/20/05,0.241667
10/21/05,0.525
10/22/05,0.336364
10/23/05,0.116667
10/26/05,0.225
10/27/05,0.286957
10/28/05,0.308333
10/29/05,0.375
10/30/05,0.230435
10/31/05,0.479167
11/1/05,0.456522
11/2/05,0.241667
11/3/05,0.313636
11/8/05,0.317391
11/9/05,0.366667
11/10/05,0.265217
11/11/05,0.354167
11/12/05,0.6875
11/13/05,0.365217
11/14/05,0.275
11/15/05,0.341667
11/16/05,0.269565
11/17/05,0.25
11/18/05,0.4625
11/19/05,0.654167
11/20/05,0.513043
11/21/05,0.554545
11/22/05,0.282609
11/23/05,0.3875
11/24/05,0.427273
11/25/05,0.445833
11/26/05,0.63913
11/27/05,0.681818
11/28/05,0.833333
11/29/05,0.273913
11/30/05,0.183333
12/1/05,0.279167
12/2/05,0.354167
12/3/05,0.366667
12/4/05,0.4625
12/5/05,0.554167
12/6/05,0.513636
12/7/05,0.411765
12/8/05,0.541667
12/9/05,0.6
12/10/05,0.508333
12/11/05,0.726087
12/12/05,0.883333
12/20/05,0.428571
12/21/05,0.347368
12/22/05,0.391304
12/23/05,0.433333
12/24/05,0.6125
12/25/05,1.291304
12/26/05,0.408696
12/27/05,0.231818
12/28/05,0.525
12/29/05,0.520833
12/30/05,0.318182
12/31/05,0.325
1/1/06,0.3
1/2/06,0.666667
1/3/06,0.242857
1/4/06,0.3125
1/5/06,0.5625
1/6/06,0.530435
1/7/06,0.308333
1/8/06,0.729167
1/9/06,0.83913
1/10/06,0.513043
1/11/06,0.463636
1/12/06,0.504167
1/13/06,0.573913
1/14/06,0.395833
1/15/06,0.269565
1/16/06,0.3
1/17/06,0.454167
1/18/06,0.308696
1/19/06,0.395833
1/20/06,0.445833
1/21/06,0.4
1/22/06,0.345833
1/23/06,0.563636
1/24/06,0.6625
1/25/06,0.621053
1/26/06,0.372727
1/27/06,0.429167
1/28/06,0.491667
1/29/06,0.729167
1/30/06,0.5
1/31/06,0.443478
2/1/06,0.475
2/2/06,0.679167
2/3/06,0.595652
2/4/06,0.668182
2/5/06,0.534783
2/6/06,0.470833
2/7/06,0.481818
2/8/06,0.490476
2/9/06,0.516667
2/10/06,0.527273
2/11/06,0.526087
2/12/06,0.441667
2/13/06,0.575
2/14/06,0.616667
2/15/06,0.666667
2/16/06,1.020833
2/17/06,0.495652
2/18/06,0.491304
2/19/06,0.516667
2/20/06,0.633333
2/21/06,0.830435
2/22/06,0.744444
2/23/06,0.934783
2/24/06,0.56087
2/25/06,0.625
2/26/06,0.517391
2/27/06,0.595833
2/28/06,0.672727
3/1/06,0.6375
3/2/06,0.743478
3/3/06,0.581818
3/4/06,0.6
3/5/06,0.6
3/6/06,0.691667
3/7/06,0.8
3/8/06,0.756522
3/9/06,0.8125
3/10/06,0.782609
3/11/06,0.654167
3/12/06,0.872727
3/13/06,1.079167
3/14/06,0.55
3/15/06,0.3
3/16/06,0.279167
3/17/06,0.278261
3/18/06,0.3
3/19/06,0.241667
3/20/06,0.270833
3/21/06,0.333333
3/22/06,0.308333
3/23/06,0.325
3/24/06,0.36
3/25/06,0.313043
3/26/06,0.308333
3/27/06,0.320833
3/28/06,0.4375
3/29/06,0.504167
3/30/06,0.45
3/31/06,0.447826
4/1/06,0.413043
4/2/06,0.3125
4/3/06,0.5
4/4/06,0.370833
4/5/06,0.5375
4/6/06,0.4
4/7/06,0.475
4/8/06,0.422727
4/9/06,0.4
4/10/06,0.417391
4/11/06,0.629167
4/12/06,0.46087
4/13/06,0.429167
4/14/06,0.608333
4/15/06,0.43913
4/16/06,0.33913
4/17/06,0.429167
4/18/06,0.395833
4/19/06,0.37
4/20/06,0.418182
4/21/06,0.408333
4/22/06,0.43913
4/23/06,0.379167
4/24/06,0.525
4/25/06,0.469565
4/26/06,0.416667
4/27/06,0.4875
4/28/06,0.466667
4/29/06,0.477273
4/30/06,0.526087
5/1/06,0.4
5/2/06,0.40625
5/3/06,0.495652
5/4/06,0.520833
5/5/06,0.563636
5/6/06,0.469565
5/7/06,0.420833
5/8/06,0.481818
5/9/06,0.421739
5/10/06,0.483333
5/11/06,0.518182
5/12/06,0.445833
5/13/06,0.466667
5/14/06,0.395455
5/15/06,0.4875
5/16/06,0.55
5/17/06,0.558333
5/18/06,0.53913
5/19/06,0.575
5/20/06,0.440909
5/21/06,0.404167
5/22/06,0.386957
5/23/06,0.395455
5/24/06,0.433333
5/25/06,0.604348
5/26/06,0.595833
5/27/06,0.683333
5/28/06,0.556522
5/29/06,0.629167
5/30/06,0.565217
5/31/06,0.5
6/1/06,0.491667
6/2/06,0.547826
6/3/06,0.465217
6/4/06,0.4
6/5/06,0.45
6/6/06,0.526087
6/7/06,0.372222
6/8/06,0.4625
6/9/06,0.6
6/10/06,0.5
6/11/06,0.330435
6/12/06,0.445833
6/13/06,0.518182
6/14/06,0.527273
6/15/06,0.456522
6/16/06,0.475
6/17/06,0.434783
6/18/06,0.525
6/19/06,0.595455
6/20/06,0.529167
6/21/06,0.466667
6/22/06,0.554545
6/23/06,0.683333
6/24/06,0.652174
6/25/06,0.590909
6/26/06,0.543478
6/27/06,0.479167
6/28/06,0.554167
6/29/06,0.569565
6/30/06,0.556522
7/1/06,0.504545
7/2/06,0.521739
7/3/06,0.565217
7/5/06,0.620833
7/6/06,0.6
7/7/06,0.477273
7/8/06,0.608333
7/9/06,0.534783
7/10/06,0.545833
7/11/06,0.575
7/12/06,0.679167
7/13/06,0.625
7/14/06,0.591304
7/15/06,0.629167
7/16/06,0.704167
7/17/06,0.643478
7/18/06,0.595238
7/19/06,0.440909
7/20/06,0.429167
7/21/06,0.545833
7/22/06,0.666667
7/23/06,0.516667
7/24/06,0.491304
7/25/06,0.531818
7/26/06,0.520833
7/27/06,0.504762
7/28/06,0.527273
7/29/06,0.4625
7/30/06,0.441667
7/31/06,0.563636
8/1/06,0.591304
8/2/06,0.552174
8/3/06,0.536364
8/4/06,0.5875
8/5/06,0.565217
8/6/06,0.427273
8/7/06,0.5
8/8/06,0.495652
8/9/06,0.470833
8/10/06,0.482609
8/11/06,0.417391
8/12/06,0.375
8/13/06,0.404167
8/14/06,0.478947
8/15/06,0.5625
8/16/06,0.579167
8/17/06,0.595652
8/18/06,0.590909
8/19/06,0.558333
8/20/06,0.56087
8/21/06,0.559091
8/22/06,0.56087
8/23/06,0.579167
8/24/06,0.513636
8/25/06,0.591667
8/26/06,0.554167
8/27/06,0.654545
8/28/06,0.573913
8/29/06,0.545833
8/30/06,0.65
8/31/06,0.575
9/1/06,0.595652
9/2/06,0.5
9/3/06,0.520833
9/4/06,0.520833
9/5/06,0.590909
9/6/06,0.65
9/7/06,0.485
9/8/06,0.418182
9/9/06,0.278261
9/10/06,0.1375
9/11/06,0.127273
9/12/06,0.216667
9/13/06,0.25
9/18/06,0.317391
9/19/06,0.286957
9/20/06,0.220833
9/21/06,0.141176
9/22/06,0.229167
9/23/06,0.263636
9/24/06,0.26087
9/25/06,0.266667
9/26/06,0.259091
9/27/06,0.358333
9/28/06,0.369565
9/29/06,0.275
9/30/06,0.229167
10/1/06,0.16087
10/2/06,0.254545
10/3/06,0.329167
10/4/06,0.547826
10/5/06,0.195455
10/6/06,0.191304
10/7/06,0.2125
10/8/06,0.404545
10/9/06,0.320833
10/10/06,0.286957
10/11/06,0.225
10/12/06,0.366667
10/13/06,0.282609
10/14/06,0.336364
10/15/06,0.191667
10/16/06,0.304348
10/17/06,0.504167
10/18/06,0.316667
10/19/06,0.433333
10/20/06,0.472727
10/21/06,0.217391
10/22/06,0.254167
10/23/06,0.35
10/24/06,0.256522
10/25/06,0.26087
10/26/06,0.283333
10/27/06,0.366667
10/28/06,0.295652
10/29/06,0.209091
10/30/06,0.275
10/31/06,0.416667
11/1/06,0.541667
11/2/06,0.471429
11/3/06,0.391667
11/4/06,0.378261
11/5/06,0.5625
11/6/06,0.779167
11/7/06,0.973913
11/8/06,0.604167
11/9/06,0.525
11/10/06,0.4875
11/11/06,0.675
11/12/06,0.508333
11/13/06,0.178947
11/14/06,0.129167
11/15/06,0.158333
11/16/06,0.217391
11/17/06,0.0875
11/18/06,0.033333
11/19/06,0.008696
11/20/06,0
11/21/06,0.154167
11/22/06,0.304545
11/23/06,0
11/24/06,0.075
11/25/06,0.158333
11/26/06,0.225
11/27/06,0.520833
11/28/06,0.156522
11/29/06,0.329167
11/30/06,0.116667
12/1/06,0.104167
12/2/06,0.030435
12/3/06,0.075
12/4/06,0.213636
12/5/06,0.175
12/6/06,0.265217
12/7/06,0.258333
12/8/06,0.130435
12/9/06,0.178261
12/10/06,0.1875
12/11/06,0.32
12/12/06,0.254167
12/13/06,0.277273
12/14/06,0.345833
12/15/06,0.286957
12/16/06,0.172727
12/17/06,0.2125
12/18/06,0.365217
12/19/06,0.183333
12/20/06,0.286957
12/21/06,0.273913
12/22/06,0.3
12/23/06,0.275
12/24/06,0.182609
12/25/06,0.283333
12/26/06,0.265217
12/27/06,0.2
12/28/06,0.329167
12/29/06,0.230435
12/30/06,0.378261
12/31/06,0.45
1/1/07,0.384211
1/2/07,0.290476
1/3/07,0.272727
1/4/07,0.4125
1/5/07,0.317391
1/6/07,0.245455
1/7/07,0.270833
1/8/07,0.347826
1/9/07,0.2
1/10/07,0.26087
1/11/07,0.304167
1/12/07,0.3
1/13/07,0.365217
1/14/07,0.2125
1/15/07,0.283333
1/16/07,0.36
1/17/07,0.275
1/18/07,0.5
1/19/07,0.413043
1/20/07,0.278261
1/21/07,0.25
1/22/07,0.416667
1/23/07,0.4125
1/24/07,0.536364
1/25/07,0.343478
1/26/07,0.366667
1/27/07,0.504167
1/28/07,0.504348
1/29/07,0.370833
1/30/07,0.520833
1/31/07,0.5
2/1/07,0.4875
2/2/07,0.691667
2/3/07,0.469565
2/4/07,0.408333
2/5/07,0.486364
2/6/07,0.530435
2/7/07,0.478261
2/8/07,0.457143
2/9/07,0.491304
2/10/07,0.478261
2/11/07,0.509091
2/12/07,0.5
2/13/07,0.4375
2/14/07,0.468182
2/15/07,0.47619
2/16/07,0.456522
2/17/07,0.520833
2/18/07,0.53913
2/19/07,0.425
2/20/07,0.620833
2/21/07,0.643478
2/22/07,0.795652
2/23/07,0.522727
2/24/07,0.456522
2/25/07,0.591667
2/26/07,0.7
2/27/07,0.728571
2/28/07,0.8625
3/1/07,0.663636
3/2/07,0.66087
3/3/07,0.752174
3/4/07,0.527273
3/5/07,0.380952
3/6/07,0.245833
3/7/07,0.325
3/8/07,0.295652
3/9/07,0.354167
3/10/07,0.372727
3/11/07,0.243478
3/12/07,0.333333
3/13/07,0.4375
3/14/07,0.354545
3/15/07,0.347826
3/16/07,0.268182
3/17/07,0.320833
3/18/07,0.273913
3/19/07,0.329167
3/20/07,0.265217
3/21/07,0.325
3/22/07,0.309091
3/23/07,0.345833
3/24/07,0.295652
3/25/07,0.320833
3/26/07,0.390909
3/27/07,0.5
3/28/07,0.268182
3/29/07,0.245833
3/30/07,0.321739
3/31/07,0.354167
4/1/07,0.408696
4/2/07,0.275
4/3/07,0.325
4/4/07,0.295652
4/5/07,0.275
4/6/07,0.3625
4/7/07,0.304348
4/8/07,0.273913
4/9/07,0.26
4/10/07,0.213043
4/11/07,0.258333
4/12/07,0.309091
4/13/07,0.226087
4/14/07,0.204167
4/15/07,0.209091
4/16/07,0.269565
4/17/07,0.283333
4/18/07,0.3625
4/19/07,0.304348
4/20/07,0.4375
4/21/07,0.459091
4/22/07,0.430435
4/23/07,0.308696
4/24/07,0.322727
4/25/07,0.354167
4/26/07,0.308333
4/27/07,0.345833
4/28/07,0.425
4/29/07,0.282609
4/30/07,0.4125
5/1/07,0.4
5/2/07,0.290909
5/3/07,0.216667
5/4/07,0.216667
5/5/07,0.3375
5/6/07,0.291667
5/7/07,0.408696
5/8/07,0.283333
5/9/07,0.318182
5/10/07,0.3375
5/11/07,0.375
5/12/07,0.340909
5/13/07,0.304348
5/14/07,0.325
5/15/07,0.395833
5/16/07,0.421739
5/17/07,0.36087
5/18/07,0.366667
5/19/07,0.3875
5/20/07,0.4
5/21/07,0.313636
5/22/07,0.395652
5/23/07,0.365217
5/24/07,0.383333
5/25/07,0.486957
5/26/07,0.4375
5/27/07,0.413636
5/28/07,0.408696
5/29/07,0.33913
5/30/07,0.383333
5/31/07,0.366667
6/1/07,0.479167
6/2/07,0.531818
6/3/07,0.382609
6/4/07,0.375
6/5/07,0.445833
6/6/07,0.272727
6/7/07,0.329167
6/8/07,0.470833
6/9/07,0.404348
6/10/07,0.354167
6/11/07,0.363636
6/12/07,0.36087
6/13/07,0.286957
6/14/07,0.304167
6/15/07,0.358333
6/16/07,0.421739
6/17/07,0.390909
6/18/07,0.4
6/19/07,0.465217
6/20/07,0.408333
6/21/07,0.317391
6/22/07,0.308696
6/23/07,0.272727
6/24/07,0.266667
6/25/07,0.35
6/26/07,0.379167
6/27/07,0.473913
6/28/07,0.408696
6/29/07,0.379167
6/30/07,0.345833
7/1/07,0.230435
7/2/07,0.25
7/3/07,0.333333
7/4/07,0.316667
7/5/07,0.379167
7/6/07,0.420833
7/7/07,0.33913
7/8/07,0.368182
7/9/07,0.452174
7/10/07,0.454167
7/11/07,0.409091
7/12/07,0.395455
7/13/07,0.365217
7/14/07,0.359091
7/15/07,0.316667
7/16/07,0.3625
7/17/07,0.463636
7/18/07,0.478261
7/19/07,0.473913
7/20/07,0.363636
7/21/07,0.3
7/22/07,0.243478
7/23/07,0.254545
7/24/07,0.2625
7/25/07,0.316667
7/26/07,0.313636
7/27/07,0.356522
7/28/07,0.308333
7/29/07,0.35
7/30/07,0.482609
7/31/07,0.408333
8/1/07,0.361111
8/2/07,0.341667
8/3/07,0.3875
8/4/07,0.295455
8/5/07,0.173913
8/6/07,0.304167
8/7/07,0.3625
8/8/07,0.378261
8/9/07,0.217391
8/10/07,0.245833
8/11/07,0.247826
8/12/07,0.283333
8/13/07,0.354545
8/14/07,0.234783
8/15/07,0.245833
8/16/07,0.35
8/17/07,0.326087
8/18/07,0.134783
8/19/07,0.1625
8/20/07,0.281818
8/21/07,0.278261
8/22/07,0.186364
8/23/07,0.245833
8/24/07,0.247826
8/25/07,0.366667
8/26/07,0.295652
8/27/07,0.291667
8/28/07,0.5
8/29/07,0.278261
8/30/07,0.304167
8/31/07,0.3375
9/1/07,0.191304
9/2/07,0.183333
9/3/07,0.216667
9/4/07,0.23913
9/5/07,0.191304
9/6/07,0.233333
9/7/07,0.275
9/8/07,0.275
9/9/07,0.236364
9/10/07,0.256522
9/11/07,0.333333
9/12/07,0.213636
9/13/07,0.2375
9/14/07,0.304348
9/15/07,0.25
9/16/07,0.1875
9/17/07,0.321739
9/18/07,0.272222
9/19/07,0.347826
9/20/07,0.366667
9/21/07,0.568182
9/22/07,0.295652
9/23/07,0.226087
9/24/07,0.225
9/25/07,0.304167
9/26/07,0.356522
9/27/07,0.3875
9/28/07,0.2875
9/29/07,0.204348
9/30/07,0.190909
10/1/07,0.25
10/2/07,0.416667
10/3/07,0.377273
10/4/07,0.408333
10/5/07,0.526087
10/6/07,0.429167
10/7/07,0.304348
10/8/07,0.334783
10/9/07,0.272727
10/10/07,0.25
10/11/07,0.243478
10/12/07,0.291667
10/13/07,0.225
10/14/07,0.182609
10/15/07,0.308333
10/16/07,0.3125
10/17/07,0.586957
10/18/07,0.591667
10/19/07,0.534783
10/20/07,0.352174
10/21/07,0.313636
10/22/07,0.545833
10/23/07,0.604348
10/24/07,0.636364
10/25/07,0.575
10/26/07,0.686957
10/27/07,0.620833
10/28/07,0.330435
10/29/07,0.383333
10/30/07,0.525
10/31/07,0.53913
11/1/07,0.308696
11/2/07,0.358333
11/3/07,0.252174
11/4/07,0.329167
11/5/07,0.736364
11/6/07,0.476471
11/7/07,0.378261
11/8/07,0.495833
11/9/07,0.578261
11/10/07,0.313043
11/11/07,0.318182
11/12/07,0.5
11/13/07,0.591667
11/14/07,0.6
11/15/07,0.395652
11/16/07,0.356522
11/17/07,0.345833
11/18/07,0.334783
11/19/07,0.3625
11/20/07,0.670833
11/21/07,0.666667
11/22/07,0.777273
11/26/07,0.677778
11/27/07,0.226316
11/28/07,0.15
11/29/07,0.180952
11/30/07,0.108696
12/1/07,0.008696
12/2/07,0.070833
12/3/07,0.108696
12/4/07,0
12/5/07,0.070833
12/6/07,0.079167
12/7/07,0.213043
12/8/07,0.1
12/9/07,0.029167
12/10/07,0.05
12/11/07,0.131818
12/12/07,0.019048
12/13/07,0.054167
12/14/07,0.059091
12/15/07,0
12/16/07,0
12/17/07,0
12/18/07,0.079167
12/19/07,0.866667
12/20/07,0.295455
12/21/07,0.23913
12/22/07,0.295833
12/23/07,0.618182
12/24/07,0.183333
12/25/07,0.216667
12/26/07,0.365
12/27/07,0.2
12/28/07,0.283333
12/29/07,0.322727
12/30/07,0.221739
12/31/07,0.147826
1/1/08,0.318182
1/2/08,0.104762
1/3/08,0
1/4/08,0.095833
1/5/08,0.13913
1/6/08,0.129167
1/7/08,0.281818
1/8/08,0.121739
1/9/08,0
1/10/08,0.0375
1/11/08,0.220833
1/12/08,0.06087
1/13/08,0
1/14/08,0
1/15/08,0.083333
1/16/08,0
1/17/08,0.279167
1/18/08,0.343478
1/19/08,0.245833
1/20/08,0.165217
1/21/08,0.204167
1/22/08,0.285714
1/23/08,0.247059
1/24/08,0.221739
1/25/08,0.225
1/26/08,0.25
1/27/08,0.173913
1/28/08,0.125
1/29/08,0.320833
1/30/08,0.195238
1/31/08,0.216667
2/1/08,0.172727
2/2/08,0.125
2/3/08,0.1125
2/4/08,0.240909
2/5/08,0.266667
2/6/08,0.273913
2/7/08,0.083333
2/8/08,0.154167
2/9/08,0.178261
2/10/08,0.070833
2/11/08,0.025
2/12/08,0.091667
2/13/08,0.366667
2/14/08,0.033333
2/15/08,0.065217
2/16/08,0
2/17/08,0.104348
2/18/08,0
2/19/08,0
2/20/08,0
2/21/08,0
2/22/08,0.025
2/23/08,0.020833
2/24/08,0.026087
2/25/08,0.077273
2/26/08,0.213043
2/27/08,0.026087
2/28/08,0
2/29/08,0
3/1/08,0.017391
3/2/08,0
3/3/08,0.021739
3/4/08,0
3/5/08,0.025
3/6/08,0.141667
3/7/08,0.373913
3/8/08,0.240909
3/9/08,0.130435
3/10/08,0.179167
3/11/08,0.229167
3/12/08,0.23913
3/13/08,0.195833
3/14/08,0.3
3/15/08,0.147826
3/16/08,0.141667
3/17/08,0.1
3/18/08,0.195833
3/19/08,0.245833
3/20/08,0.181818
3/21/08,0.1
3/22/08,0.095652
3/23/08,0.1
3/24/08,0.170833
3/25/08,0.157143
3/26/08,0.1
3/27/08,0.166667
3/28/08,0.134783
3/29/08,0.016667
3/30/08,0.05
3/31/08,0.2
4/1/08,0.040909
4/2/08,0
4/3/08,0.1375
4/4/08,0.279167
4/5/08,0.25
4/6/08,0.204545
4/7/08,0.191667
4/8/08,0.217391
4/9/08,0.4125
4/10/08,0.195652
4/11/08,0.254167
4/12/08,0.290909
4/13/08,0.173913
4/14/08,0.171429
4/15/08,0.170833
4/16/08,0.258333
4/17/08,0.277273
4/18/08,0.3
4/19/08,0.413043
4/20/08,0.109091
4/21/08,0.104167
4/22/08,0.26087
4/23/08,0.145833
4/24/08,0.1
4/25/08,0.1375
4/26/08,0.090909
4/27/08,0.069565
4/28/08,0.143478
4/29/08,0.122727
4/30/08,0.1
5/1/08,0.129167
5/2/08,0.136364
5/3/08,0.06087
5/4/08,0.0375
5/5/08,0.129167
5/6/08,0.169565
5/7/08,0.030435
5/8/08,0.045455
5/9/08,0.034783
5/10/08,0.004167
5/11/08,0.031818
5/12/08,0
5/13/08,0.041667
5/14/08,0.152632
5/15/08,0.047619
5/16/08,0.054167
5/17/08,0.016667
5/18/08,0.004348
5/19/08,0
5/20/08,0.018182
5/21/08,0
5/22/08,0
5/23/08,0
5/24/08,0
5/25/08,0
5/26/08,0
5/27/08,0
5/28/08,0
5/29/08,0
5/30/08,0
5/31/08,0
6/1/08,0
6/2/08,0.0125
6/3/08,0
6/4/08,0.138889
6/5/08,0.2125
6/6/08,0.304545
6/7/08,0.179167
6/8/08,0.121739
6/9/08,0.166667
6/10/08,0.304348
6/11/08,0.1125
6/12/08,0.1
6/13/08,0.125
6/14/08,0.143478
6/15/08,0.077273
6/16/08,0.134783
6/17/08,0.1
6/18/08,0.081818
6/19/08,0.082609
6/20/08,0.121739
6/21/08,0.009091
6/22/08,0.152174
6/23/08,0.158333
6/24/08,0.145455
6/25/08,0.013043
6/26/08,0.133333
6/27/08,0.233333
6/28/08,0.152174
6/29/08,0.143478
6/30/08,0.1
7/1/08,0.125
7/2/08,0.13913
7/3/08,0.077273
7/4/08,0.066667
7/5/08,0.173913
7/6/08,0.145455
7/7/08,0.054545
7/8/08,0.068182
7/9/08,0.073913
7/10/08,0
7/11/08,0.058333
7/12/08,0.030435
7/13/08,0
7/14/08,0.0125
7/15/08,0.045455
7/16/08,0.059091
7/17/08,0.033333
7/18/08,0.056522
7/19/08,0
7/20/08,0.030435
7/21/08,0
7/22/08,0
7/23/08,0
7/24/08,0
7/25/08,0.033333
7/26/08,0.0125
7/27/08,0
7/28/08,0.004167
7/29/08,0.008333
7/30/08,0.016667
7/31/08,0.036364
8/1/08,0.041667
8/2/08,0.030435
8/3/08,0.013636
8/4/08,0
8/5/08,0
8/6/08,0
8/7/08,0.029167
8/8/08,0.0125
8/9/08,0.026087
8/10/08,0.054545
8/11/08,0.014286
8/12/08,0
8/13/08,0.026316
8/14/08,0.241667
8/15/08,0.279167
8/16/08,0.259091
8/17/08,0.16087
8/18/08,0.216667
8/19/08,0.163636
8/20/08,0.1
8/21/08,0.165217
8/22/08,0.236364
8/23/08,0.156522
8/24/08,0.165217
8/25/08,0.131818
8/26/08,0.095455
8/27/08,0.1625
8/28/08,0.163636
8/29/08,0.195652
8/30/08,0.121739
8/31/08,0.045455
9/1/08,0.033333
9/2/08,0.073913
9/3/08,0.15
9/4/08,0.1375
9/5/08,0.16087
9/6/08,0.090909
9/7/08,0.020833
9/8/08,0.091304
9/9/08,0.136364
9/10/08,0.016667
9/11/08,0.078261
9/12/08,0.0875
9/13/08,0.108333
9/14/08,0.069565
9/15/08,0.029167
9/16/08,0.058333
9/17/08,0.18
9/18/08,0.229167
9/19/08,0.233333
9/20/08,0.330435
9/21/08,0.303864
9/22/08,0.254167
9/23/08,0.325
9/24/08,0.43075
9/25/08,0.354083
9/26/08,0.213783
9/27/08,0.316667
9/28/08,0.4
9/29/08,0.288
9/30/08,0.232217
10/1/08,0.320833
10/2/08,0.264348
10/3/08,0.25
10/4/08,0.241667
10/5/08,0.370833
10/6/08,0.229833
10/7/08,0.220833
10/8/08,0.368304
10/9/08,0.3
10/10/08,0.344833
10/11/08,0.358333
10/12/08,0.405
10/13/08,0.300792
10/14/08,0.270833
10/15/08,0.279167
10/16/08,0.304208
10/17/08,0.2
10/18/08,0.208333
10/19/08,0.208333
10/20/08,0.358333
10/21/08,0.413042
10/22/08,0.174708
10/23/08,0.283333
10/24/08,0.419208
10/25/08,0.305917
10/26/08,0.241667
10/27/08,0.3525
10/28/08,0.256625
10/29/08,0.1875
10/30/08,0.225
10/31/08,0.3875
11/1/08,0.35
11/2/08,0.283333
11/3/08,0.604167
11/4/08,0.405391
11/5/08,0.544917
11/6/08,0.219391
11/7/08,0.354167
11/8/08,0.346583
11/9/08,0.258333
11/10/08,0.284318
11/11/08,0.209958
11/12/08,0.291667
11/13/08,0.551917
11/14/08,0.625
11/15/08,0.228609
11/16/08,0.176318
11/17/08,0.233333
11/18/08,0.218652
11/19/08,0.184875
11/20/08,0.220833
11/21/08,0.230565
11/22/08,0.180917
11/23/08,0.225
11/24/08,0.344043
11/25/08,0.304167
11/26/08,0.479167
11/27/08,0.372391
11/28/08,0.4375
11/29/08,0.342333
11/30/08,0.466381
12/1/08,0.288889
12/2/08,0.3
12/4/08,0.3155
12/5/08,0.245833
12/6/08,0.429167
12/7/08,0.32175
12/8/08,0.233333
12/9/08,0.399591
12/10/08,0.205556
12/11/08,0.29213
12/12/08,0.320833
12/13/08,0.2125
12/14/08,0.32235
12/15/08,0.19775
12/16/08,0.242333
12/17/08,0.329167
12/18/08,0.441667
12/19/08,0.321333
12/20/08,0.25
12/21/08,0.229167
12/22/08,0.259304
12/23/08,0.233333
12/24/08,0.303105
12/25/08,0.216542
12/26/08,0.329167
12/27/08,0.35425
12/28/08,0.192045
12/29/08,0.25
12/30/08,0.244375
12/31/08,0.256625
1/1/09,0.205263
1/2/09,0.358333
1/3/09,0.282667
1/4/09,0.266667
1/5/09,0.405708
1/6/09,0.366667
1/7/09,0.339783
1/8/09,0.27775
1/9/09,0.260542
1/10/09,0.2875
1/11/09,0.331955
1/12/09,0.354167
1/13/09,0.535957
1/14/09,0.2875
1/15/09,0.295833
1/16/09,0.441667
1/17/09,0.382542
1/18/09,0.579167
1/19/09,0.561913
1/20/09,0.401435
1/21/09,0.3375
1/22/09,0.341667
1/23/09,0.561826
1/24/09,0.255375
1/25/09,0.2625
1/26/09,0.466667
1/27/09,0.491667
1/28/09,0.464542
1/29/09,0.354167
1/30/09,0.483333
1/31/09,0.301292
2/1/09,0.5125
2/2/09,0.590091
2/3/09,0.269917
2/4/09,0.265739
2/5/09,0.233333
2/6/09,0.379167
2/7/09,0.424
2/8/09,0.266318
2/9/09,0.245833
2/10/09,0.404167
2/11/09,0.527391
2/12/09,0.250542
2/13/09,0.2125
2/14/09,0.225
2/15/09,0.2035
2/16/09,0.225
2/17/09,0.3125
2/18/09,0.425174
2/19/09,0.3375
2/20/09,0.244957
2/21/09,0.25
2/22/09,0.340318
2/23/09,0.243391
2/24/09,0.204167
2/25/09,0.316667
2/26/09,0.36187
2/27/09,0.271708
2/28/09,0.229167
3/1/09,0.237087
3/2/09,0.247727
3/3/09,0.253667
3/4/09,0.283333
3/5/09,0.367333
3/6/09,0.32475
3/7/09,0.404167
3/8/09,0.237136
3/9/09,0.258333
3/10/09,0.323529
3/11/09,0.295833
3/12/09,0.230292
3/13/09,0.2625
3/14/09,0.304167
3/15/09,0.4125
3/16/09,0.331783
3/17/09,0.291667
3/18/09,0.260042
3/19/09,0.291667
3/20/09,0.266667
3/21/09,0.305125
3/22/09,0.251619
3/23/09,0.2
3/24/09,0.225
3/25/09,0.299478
3/26/09,0.399333
3/27/09,0.320833
3/28/09,0.268957
3/29/09,0.241667
3/30/09,0.291783
3/31/09,0.252632
4/1/09,0.361833
4/2/09,0.404167
4/3/09,0.382417
4/4/09,0.215958
4/5/09,0.2
4/6/09,0.345833
4/7/09,0.289583
4/8/09,0.233333
4/9/09,0.245833
4/10/09,0.336167
4/11/09,0.260174
4/12/09,0.176042
4/13/09,0.216667
4/14/09,0.279167
4/15/09,0.2625
4/16/09,0.273292
4/17/09,0.269957
4/18/09,0.225
4/19/09,0.230783
4/20/09,0.223348
4/21/09,0.379167
4/22/09,0.258333
4/23/09,0.208333
4/24/09,0.254167
4/25/09,0.295833
4/26/09,0.232261
4/27/09,0.2875
4/28/09,0.241292
4/29/09,0.219043
4/30/09,0.244091
5/1/09,0.2375
5/2/09,0.216667
5/3/09,0.291667
5/4/09,0.325
5/5/09,0.224522
5/6/09,0.258333
5/7/09,0.345833
5/8/09,0.293333
5/9/09,0.288375
5/10/09,0.169
5/11/09,0.270833
5/12/09,0.3125
5/13/09,0.289667
5/14/09,0.232565
5/15/09,0.2625
5/16/09,0.255083
5/17/09,0.173727
5/18/09,0.229167
5/19/09,0.258625
5/20/09,0.270833
5/21/09,0.260042
5/22/09,0.270833
5/23/09,0.197522
5/24/09,0.2375
5/25/09,0.191042
5/26/09,0.199478
5/27/09,0.2
5/28/09,0.213667
5/29/09,0.325
5/30/09,0.285792
5/31/09,0.222652
6/1/09,0.2
6/2/09,0.2625
6/3/09,0.223125
6/4/09,0.266667
6/5/09,0.279417
6/6/09,0.226333
6/7/09,0.204696
6/8/09,0.212632
6/9/09,0.208333
6/10/09,0.208087
6/11/09,0.204167
6/12/09,0.375
6/13/09,0.251609
6/14/09,0.183174
6/15/09,0.182542
6/16/09,0.183333
6/17/09,0.246625
6/18/09,0.25
6/19/09,0.233333
6/20/09,0.268667
6/21/09,0.15125
6/22/09,0.1625
6/23/09,0.2
6/24/09,0.233333
6/25/09,0.275
6/26/09,0.3125
6/27/09,0.2605
6/28/09,0.197909
6/29/09,0.283333
6/30/09,0.269833
7/1/09,0.291667
7/2/09,0.26225
7/3/09,0.254167
7/4/09,0.172826
7/5/09,0.158333
7/6/09,0.331174
7/7/09,0.296818
7/8/09,0.190792
7/9/09,0.170833
7/10/09,0.306667
7/11/09,0.202083
7/12/09,0.165318
7/13/09,0.194917
7/14/09,0.182542
7/15/09,0.203565
7/16/09,0.258
7/17/09,0.266667
7/18/09,0.233333
7/19/09,0.195833
7/20/09,0.321087
7/21/09,0.235273
7/22/09,0.241667
7/23/09,0.278913
7/24/09,0.166667
7/25/09,0.233333
7/26/09,0.202818
7/27/09,0.216667
7/28/09,0.245833
7/29/09,0.237348
7/30/09,0.2
7/31/09,0.304167
8/1/09,0.279167
8/2/09,0.235083
8/3/09,0.241667
8/4/09,0.316667
8/5/09,0.240957
8/6/09,0.241667
8/7/09,0.154833
8/8/09,0.170833
8/9/09,0.213087
8/10/09,0.2125
8/11/09,0.266667
8/12/09,0.21425
8/13/09,0.216667
8/14/09,0.333333
8/15/09,0.291667
8/16/09,0.3125
8/17/09,0.305
8/18/09,0.28875
8/19/09,0.216667
8/20/09,0.283333
8/25/09,0.241667
8/26/09,0.216667
8/27/09,0.183333
8/28/09,0.216875
8/29/09,0.187217
8/30/09,0.216667
8/31/09,0.185583
9/1/09,0.220833
9/2/09,0.278958
9/3/09,0.266667
9/4/09,0.408333
9/5/09,0.331208
9/6/09,0.166667
9/7/09,0.295833
9/8/09,0.382353
9/9/09,0.238625
9/10/09,0.167696
9/11/09,0.166667
9/12/09,0.166667
9/13/09,0.159609
9/14/09,0.225
9/15/09,0.220833
9/16/09,0.169478
9/17/09,0.208333
9/18/09,0.206083
9/19/09,0.154167
9/20/09,0.291478
9/21/09,0.35
9/22/09,0.219087
9/23/09,0.199917
9/24/09,0.220833
9/25/09,0.174087
9/26/09,0.2125
9/27/09,0.187542
9/28/09,0.216048
9/29/09,0.2
9/30/09,0.2
10/1/09,0.225
10/2/09,0.2815
10/3/09,0.275
10/4/09,0.383333
10/5/09,0.266
10/6/09,0.241667
10/7/09,0.212913
10/8/09,0.2
10/9/09,0.425
10/10/09,0.249913
10/11/09,0.201833
10/12/09,0.216333
10/13/09,0.26813
10/14/09,0.2
10/15/09,0.234167
10/16/09,0.175
10/17/09,0.197167
10/18/09,0.170833
10/19/09,0.3125
10/20/09,0.414739
10/21/09,0.391667
10/22/09,0.482261
10/23/09,0.196458
10/24/09,0.275
10/25/09,0.177174
10/26/09,0.304167
10/27/09,0.431625
10/28/09,0.179043
10/29/09,0.258333
10/30/09,0.385083
10/31/09,0.188
11/1/09,0.194739
11/2/09,0.2
11/3/09,0.266667
11/4/09,0.279167
11/5/09,0.337417
11/6/09,0.204167
11/7/09,0.320833
11/8/09,0.4
11/9/09,0.515609
11/10/09,0.342182
11/11/09,0.202708
11/12/09,0.225
11/13/09,0.198
11/14/09,0.208333
11/15/09,0.366667
11/16/09,0.226292
11/17/09,0.270833
11/18/09,0.6125
11/19/09,0.667917
11/20/09,0.310958
11/21/09,0.310957
11/22/09,0.23175
11/23/09,0.229435
11/24/09,0.229091
11/25/09,0.304167
11/26/09,0.312957
11/27/09,0.229167
11/28/09,0.192875
11/29/09,0.275
11/30/09,0.302042
12/1/09,0.275
12/2/09,0.425
12/3/09,0.209792
12/4/09,0.333333
12/5/09,0.268174
12/6/09,0.241667
12/7/09,0.4375
12/8/09,0.391632
12/9/09,0.322478
12/10/09,0.267826
12/11/09,0.224958
12/12/09,0.233333
12/13/09,0.4
12/14/09,0.32575
12/15/09,0.358333
12/16/09,0.216667
12/17/09,0.198042
12/18/09,0.229042
12/19/09,0.3
12/20/09,0.194417
12/21/09,0.225
12/22/09,0.266667
12/23/09,0.246136
12/24/09,0.541667
12/25/09,0.376478
12/26/09,0.199792
12/27/09,0.191667
12/28/09,0.377522
12/29/09,0.1915
12/30/09,0.295833
12/31/09,0.513174
1/1/10,0.368421
1/2/10,0.230167
1/3/10,0.220833
1/4/10,0.241708
1/5/10,0.2875
1/6/10,0.264391
1/7/10,0.283333
1/8/10,0.30575
1/9/10,0.2
1/10/10,0.216667
1/11/10,0.404167
1/12/10,0.274609
1/13/10,0.2625
1/14/10,0.458333
1/15/10,0.403174
1/16/10,0.308333
1/17/10,0.339917
1/18/10,0.2125
1/19/10,0.516667
1/20/10,0.305917
1/21/10,0.295833
1/22/10,0.399167
1/23/10,0.404167
1/24/10,0.499682
1/25/10,0.276708
1/26/10,0.291667
1/27/10,0.329167
1/28/10,0.361292
1/29/10,0.225583
1/30/10,0.23213
1/31/10,0.241667
2/1/10,0.307333
2/2/10,0.370833
2/3/10,0.376727
2/4/10,0.279167
2/5/10,0.302
2/6/10,0.258333
2/7/10,0.212348
2/8/10,0.242652
2/9/10,0.3125
2/11/10,0.2125
2/12/10,0.229167
2/13/10,0.248
2/14/10,0.204167
2/15/10,0.241667
2/16/10,0.446261
2/17/10,0.3
2/18/10,0.256958
2/19/10,0.2
2/20/10,0.2
2/21/10,0.2125
2/22/10,0.25
2/23/10,0.308375
2/24/10,0.2875
2/25/10,0.305087
2/26/10,0.254167
2/27/10,0.35
2/28/10,0.474261
3/1/10,0.206545
3/2/10,0.270833
3/3/10,0.247696
3/4/10,0.245333
3/5/10,0.279167
3/6/10,0.250522
3/7/10,0.248957
3/8/10,0.2827
3/9/10,0.279167
3/10/10,0.420833
3/11/10,0.396542
3/12/10,0.255522
3/13/10,0.204167
3/14/10,0.190417
3/15/10,0.229522
3/16/10,0.358333
3/17/10,0.491125
3/18/10,0.3125
3/19/10,0.5
3/20/10,0.34525
3/21/10,0.210545
3/22/10,0.270833
3/23/10,0.262875
3/24/10,0.2125
3/25/10,0.287833
3/26/10,0.258083
3/27/10,0.2375
3/28/10,0.253625
3/29/10,0.283333
3/30/10,0.282043
3/31/10,0.3125
4/1/10,0.3
4/2/10,0.414348
4/3/10,0.281292
4/4/10,0.2125
4/5/10,0.316667
4/6/10,0.358333
4/7/10,0.354167
4/8/10,0.259875
4/9/10,0.330391
4/10/10,0.2125
4/11/10,0.229167
4/12/10,0.258333
4/13/10,0.295739
4/14/10,0.283333
4/15/10,0.261875
4/16/10,0.269087
4/17/10,0.245833
4/18/10,0.236957
4/19/10,0.197458
4/20/10,0.225
4/21/10,0.351542
4/22/10,0.2625
4/23/10,0.2625
4/24/10,0.239833
4/25/10,0.23513
4/26/10,0.229167
4/27/10,0.255
4/28/10,0.216667
4/29/10,0.2
4/30/10,0.225
5/1/10,0.363
5/2/10,0.3
5/3/10,0.261917
5/4/10,0.25
5/5/10,0.220833
5/6/10,0.208333
5/7/10,0.225
5/8/10,0.281833
5/9/10,0.174458
5/10/10,0.187826
5/11/10,0.225
5/12/10,0.283333
5/13/10,0.269435
5/14/10,0.316667
5/15/10,0.226375
5/16/10,0.198045
5/17/10,0.2375
5/18/10,0.2675
5/19/10,0.216667
5/20/10,0.295833
5/21/10,0.334208
5/22/10,0.306957
5/23/10,0.241667
5/24/10,0.29625
5/25/10,0.258333
5/26/10,0.274826
5/27/10,0.25
5/28/10,0.304167
5/29/10,0.251833
5/30/10,0.205261
5/31/10,0.429167
6/1/10,0.267542
6/2/10,0.3625
6/3/10,0.2875
6/4/10,0.32775
6/5/10,0.275
6/6/10,0.230083
6/7/10,0.2
6/8/10,0.183739
6/9/10,0.217647
6/10/10,0.222333
6/11/10,0.241176
6/12/10,0.298208
6/13/10,0.2125
6/14/10,0.304167
6/15/10,0.266667
6/16/10,0.317583
6/17/10,0.216667
6/18/10,0.3125
6/19/10,0.249
6/20/10,0.258333
6/21/10,0.287136
6/22/10,0.283333
6/23/10,0.2375
6/24/10,0.256833
6/25/10,0.242417
6/26/10,0.252783
6/27/10,0.341667
6/28/10,0.26325
6/29/10,0.191609
6/30/10,0.172875
7/1/10,0.164833
7/2/10,0.25
7/3/10,0.245833
7/4/10,0.2375
7/5/10,0.359261
7/6/10,0.454167
7/7/10,0.408958
7/8/10,0.246174
7/9/10,0.208333
7/10/10,0.170833
7/11/10,0.2625
7/12/10,0.329167
7/13/10,0.2625
7/14/10,0.241652
7/15/10,0.236708
7/16/10,0.241667
7/17/10,0.245833
7/18/10,0.198375
7/19/10,0.254167
7/20/10,0.3
7/21/10,0.282609
7/22/10,0.173
7/23/10,0.279167
7/24/10,0.341667
7/25/10,0.167217
7/26/10,0.187333
7/27/10,0.216667
7/28/10,0.245625
7/29/10,0.222083
7/30/10,0.225
7/31/10,0.2125
8/1/10,0.2375
8/2/10,0.228565
8/3/10,0.195739
8/4/10,0.216667
8/5/10,0.254167
8/6/10,0.254174
8/7/10,0.220833
8/8/10,0.254522
8/9/10,0.254167
8/10/10,0.304208
8/11/10,0.325
8/12/10,0.256739
8/13/10,0.2375
8/14/10,0.28825
8/15/10,0.2125
8/16/10,0.222875
8/17/10,0.192
8/18/10,0.308333
8/19/10,0.352273
8/20/10,0.241667
8/21/10,0.306348
8/22/10,0.22213
8/23/10,0.179167
8/24/10,0.170833
8/25/10,0.170833
8/26/10,0.2
8/27/10,0.225
8/28/10,0.245833
8/29/10,0.258333
8/30/10,0.241667
8/31/10,0.325
9/1/10,0.32825
9/2/10,0.32687
9/3/10,0.246958
9/4/10,0.166667
9/5/10,0.196636
9/6/10,0.239042
9/7/10,0.24615
9/8/10,0.234565
9/9/10,0.2
9/10/10,0.173708
9/11/10,0.220833
9/12/10,0.22925
9/13/10,0.238958
9/14/10,0.215609
9/15/10,0.196667
9/16/10,0.246083
9/17/10,0.325
9/18/10,0.36475
9/19/10,0.3
9/20/10,0.188739
9/21/10,0.2
9/22/10,0.241667
9/23/10,0.22713
9/24/10,0.258333
9/25/10,0.21925
9/26/10,0.193957
9/27/10,0.208333
9/28/10,0.23725
9/29/10,0.208333
9/30/10,0.215542
10/1/10,0.158333
10/2/10,0.165565
10/3/10,0.177478
10/4/10,0.173417
10/5/10,0.175
10/6/10,0.205556
10/7/10,0.2375
10/8/10,0.231
10/9/10,0.180833
10/10/10,0.216667
10/11/10,0.25
10/12/10,0.27
10/13/10,0.270833
10/14/10,0.399478
10/15/10,0.179167
10/16/10,0.125
10/17/10,0.194182
10/18/10,0.229167
10/19/10,0.3625
10/20/10,0.386087
10/21/10,0.300208
10/22/10,0.2125
10/23/10,0.229167
10/24/10,0.266667
10/25/10,0.397583
10/26/10,0.243783
10/27/10,0.209182
10/28/10,0.22913
10/29/10,0.196391
10/30/10,0.22375
10/31/10,0.177
11/1/10,0.183957
11/2/10,0.191667
11/3/10,0.470833
11/4/10,0.394739
11/5/10,0.360958
11/6/10,0.259125
11/7/10,0.186304
11/8/10,0.213364
11/9/10,0.226292
11/10/10,0.210826
11/11/10,0.233333
11/12/10,0.291667
11/13/10,0.629167
11/14/10,0.369217
11/15/10,0.245833
11/16/10,0.307304
11/17/10,0.195833
11/18/10,0.229167
11/19/10,0.266667
11/20/10,0.289792
11/21/10,0.2125
11/22/10,0.316667
11/23/10,0.337609
11/24/10,0.176125
11/25/10,0.233333
11/26/10,0.307958
11/27/10,0.255875
11/28/10,0.2125
11/29/10,0.408333
11/30/10,0.481333
12/1/10,0.235304
12/2/10,0.258333
12/3/10,0.235375
12/4/10,0.208333
12/5/10,0.192
12/6/10,0.216667
12/7/10,0.245875
12/8/10,0.235048
12/9/10,0.227778
12/10/10,0.325
12/11/10,0.654167
12/12/10,0.455348
12/13/10,0.275
12/16/10,0.329167
12/17/10,0.568364
12/18/10,0.5625
12/19/10,0.579261
12/20/10,0.277045
12/21/10,0.2
12/22/10,0.2
12/23/10,0.194773
12/24/10,0.2
12/25/10,0.245833
12/26/10,0.237143
12/27/10,0.177957
12/28/10,0.2
12/29/10,0.245833
12/30/10,0.458333
12/31/10,0.554167
1/1/11,0.531636
1/2/11,0.386696
1/3/11,0.241667
1/4/11,0.375
1/5/11,0.357
1/6/11,0.333333
1/7/11,0.463955
1/8/11,0.273696
1/9/11,0.2125
1/10/11,0.2
1/11/11,0.3375
1/12/11,0.215826
1/13/11,0.199
1/14/11,0.258333
1/15/11,0.361478
1/16/11,0.270864
1/17/11,0.254167
1/18/11,0.480957
1/19/11,0.3125
1/20/11,0.3125
1/21/11,0.338261
1/22/11,0.3625
1/23/11,0.334545
1/24/11,0.304167
1/25/11,0.604167
1/26/11,0.906348
1/27/11,0.316667
1/28/11,0.6875
1/29/11,0.489652
1/30/11,0.393957
1/31/11,0.316667
2/1/11,0.424174
2/2/11,0.294478
2/3/11,0.354167
2/4/11,0.380739
2/5/11,0.475
2/6/11,0.267905
2/7/11,0.45
2/8/11,0.344826
2/9/11,0.266667
2/10/11,0.304167
2/11/11,0.433333
2/12/11,0.339273
2/13/11,0.233333
2/14/11,0.266524
2/15/11,0.215136
2/16/11,0.308333
2/17/11,0.491667
2/18/11,0.391818
2/19/11,0.19887
2/20/11,0.192636
2/21/11,0.2
2/22/11,0.251174
2/23/11,0.225
2/24/11,0.470833
2/25/11,0.335
2/26/11,0.258333
2/27/11,0.293636
2/28/11,0.491667
3/1/11,0.275
3/2/11,0.25081
3/3/11,0.220833
3/4/11,0.3625
3/5/11,0.277043
3/6/11,0.211727
3/7/11,0.206727
3/8/11,0.258333
3/9/11,0.26613
3/10/11,0.244
3/11/11,0.354167
3/12/11,0.295739
3/13/11,0.3005
3/14/11,0.2625
3/15/11,0.377783
3/16/11,0.304167
3/17/11,0.35
3/18/11,0.260739
3/19/11,0.225
3/20/11,0.238227
3/21/11,0.295833
3/22/11,0.24
3/23/11,0.245565
3/24/11,0.2625
3/25/11,0.239727
3/26/11,0.2
3/27/11,0.2
3/28/11,0.216667
3/29/11,0.216667
3/30/11,0.241667
3/31/11,0.281478
4/1/11,0.253591
4/2/11,0.2375
4/3/11,0.229167
4/4/11,0.421625
4/5/11,0.247455
4/6/11,0.198722
4/7/11,0.279167
4/8/11,0.297864
4/9/11,0.292522
4/10/11,0.275696
4/11/11,0.249696
4/12/11,0.25
4/13/11,0.250476
4/14/11,0.216667
4/15/11,0.205556
4/16/11,0.208087
4/17/11,0.2
4/18/11,0.216667
4/19/11,0.283333
4/20/11,0.2625
4/21/11,0.221208
4/22/11,0.25
4/23/11,0.270833
4/24/11,0.258333
4/25/11,0.294444
4/26/11,0.3
4/27/11,0.341391
4/28/11,0.179167
4/29/11,0.223348
4/30/11,0.2375
5/1/11,0.238524
5/2/11,0.282522
5/3/11,0.25787
5/4/11,0.2425
5/5/11,0.2
5/6/11,0.225
5/7/11,0.266667
5/8/11,0.258783
5/9/11,0.204522
5/10/11,0.189286
5/11/11,0.198826
5/12/11,0.2125
5/13/11,0.316091
5/14/11,0.225
5/15/11,0.216636
5/16/11,0.208409
5/17/11,0.237826
5/18/11,0.216667
5/19/11,0.243895
5/20/11,0.25
5/21/11,0.2
5/22/11,0.183318
5/23/11,0.248304
5/24/11,0.258333
5/25/11,0.231056
5/26/11,0.267174
5/27/11,0.295833
5/28/11,0.2375
5/29/11,0.188227
5/30/11,0.266667
5/31/11,0.254045
6/1/11,0.258333
6/2/11,0.177636
6/3/11,0.170833
6/4/11,0.230696
6/5/11,0.277591
6/6/11,0.291667
6/7/11,0.329167
6/8/11,0.435455
6/9/11,0.253913
6/10/11,0.283333
6/11/11,0.205455
6/12/11,0.156864
6/13/11,0.216667
6/14/11,0.189318
6/15/11,0.2375
6/16/11,0.259609
6/17/11,0.257636
6/18/11,0.241667
6/19/11,0.170609
6/20/11,0.241667
6/21/11,0.289522
6/22/11,0.289682
6/23/11,0.208409
6/24/11,0.183333
6/25/11,0.170833
6/26/11,0.291667
6/27/11,0.246333
6/28/11,0.3545
6/29/11,0.213435
6/30/11,0.194217
7/1/11,0.2375
7/2/11,0.49013
7/3/11,0.278522
7/4/11,0.262304
7/5/11,0.298773
7/6/11,0.256583
7/7/11,0.220833
7/8/11,0.308333
7/9/11,0.208217
7/10/11,0.2
7/11/11,0.254167
7/12/11,0.230913
7/13/11,0.246783
7/14/11,0.2125
7/15/11,0.2625
7/16/11,0.2375
7/17/11,0.223042
7/18/11,0.254167
7/19/11,0.254167
7/20/11,0.337917
7/21/11,0.242792
7/22/11,0.2375
7/23/11,0.225
7/24/11,0.266304
7/25/11,0.222455
7/26/11,0.232286
7/27/11,0.181208
7/28/11,0.252636
7/29/11,0.270833
7/30/11,0.181348
7/31/11,0.191667
8/1/11,0.259522
8/2/11,0.245833
8/3/11,0.2625
8/4/11,0.223652
8/5/11,0.191667
8/6/11,0.2
8/7/11,0.1875
8/8/11,0.308333
8/9/11,0.232045
8/10/11,0.199667
8/11/11,0.191667
8/12/11,0.2375
8/13/11,0.313
8/14/11,0.239087
8/15/11,0.200318
8/16/11,0.1875
8/17/11,0.261652
8/18/11,0.275273
8/19/11,0.291667
8/20/11,0.234217
8/21/11,0.218762
8/22/11,0.180737
8/23/11,0.19175
8/24/11,0.220833
8/25/11,0.203522
8/26/11,0.233333
8/27/11,0.252318
8/28/11,0.1
8/29/11,0.191667
8/30/11,0.326636
8/31/11,0.312609
9/1/11,0.243913
9/2/11,0.195833
9/3/11,0.25713
9/4/11,0.231091
9/5/11,0.151773
9/6/11,0.163636
9/7/11,0.175
9/8/11,0.233333
9/9/11,0.233333
9/10/11,0.225
9/11/11,0.299091
9/12/11,0.225
9/13/11,0.268304
9/14/11,0.255636
9/15/11,0.217
9/16/11,0.125
9/17/11,0.202091
9/18/11,0.204727
9/19/11,0.204167
9/20/11,0.2625
9/21/11,0.297739
9/22/11,0.270833
9/23/11,0.289455
9/24/11,0.220833
9/25/11,0.304167
9/26/11,0.410682
9/27/11,0.325095
9/28/11,0.193435
9/29/11,0.2625
9/30/11,0.283333
10/1/11,0.240217
10/2/11,0.172524
10/3/11,0.272348
10/4/11,0.19587
10/5/11,0.178273
10/6/11,0.183391
10/7/11,0.275
10/8/11,0.2625
10/9/11,0.266217
10/10/11,0.2125
10/11/11,0.2
10/12/11,0.176
10/13/11,0.2
10/14/11,0.258333
10/15/11,0.168522
10/16/11,0.183545
10/17/11,0.258333
10/18/11,0.304167
10/19/11,0.242174
10/20/11,0.25
10/21/11,0.225
10/22/11,0.2375
10/23/11,0.283333
10/24/11,0.413864
10/25/11,0.2125
10/26/11,0.316667
10/27/11,0.249545
10/28/11,0.220833
10/29/11,0.241913
10/30/11,0.233333
10/31/11,0.541667
11/1/11,0.585087
11/2/11,0.545833
11/3/11,0.390087
11/4/11,0.241174
11/5/11,0.308333
11/6/11,0.360957
11/7/11,0.325
11/8/11,0.545
11/9/11,0.436478
11/10/11,0.429167
11/11/11,0.192364
11/12/11,0.233333
11/13/11,0.319409
11/14/11,0.239182
11/15/11,0.241667
11/16/11,0.408333
11/17/11,0.221105
11/18/11,0.264706
11/19/11,0.266739
11/20/11,0.2195
11/21/11,0.254167
11/22/11,0.516652
11/23/11,0.191909
11/24/11,0.25
11/25/11,0.317304
11/26/11,0.533333
11/27/11,0.811364
11/28/11,0.238478
11/29/11,0.334864
12/1/11,0.241667
12/2/11,0.470833
12/3/11,0.3
12/4/11,0.425227
12/5/11,0.2875
12/6/11,0.2695
12/7/11,0.296524
12/8/11,0.25
12/9/11,0.3625
12/10/11,0.304696
12/11/11,0.329167
12/12/11,0.370833
12/13/11,0.525
12/14/11,0.358043
12/15/11,0.267409
12/16/11,0.241667
12/17/11,0.25187
12/18/11,0.2125
12/19/11,0.368522
12/20/11,0.291667
12/21/11,0.341455
12/22/11,0.291667
12/23/11,0.336391
12/24/11,0.216667
12/25/11,0.403864
12/26/11,0.291667
12/27/11,0.303682
12/28/11,0.20719
12/29/11,0.245833
12/30/11,0.458333
12/31/11,0.443826
1/1/12,0.34087
1/2/12,0.228818
1/3/12,0.229174
1/4/12,0.241667
1/5/12,0.292773
1/6/12,0.55
1/7/12,0.888957
1/8/12,0.220833
1/9/12,0.266667
1/10/12,0.35
1/11/12,0.310591
1/12/12,0.2
1/13/12,0.245833
1/14/12,0.220833
1/15/12,0.19313
1/16/12,0.275
1/17/12,0.3
1/18/12,0.2125
1/19/12,0.270833
1/20/12,0.295833
1/21/12,0.270833
1/22/12,0.275
1/23/12,0.490636
1/24/12,0.249727
1/25/12,0.264435
1/26/12,0.270833
1/27/12,0.360391
1/28/12,0.261174
1/29/12,0.220833
1/30/12,0.256783
1/31/12,0.345833
2/1/12,0.335955
2/2/12,0.252941
2/3/12,0.220833
2/4/12,0.229167
2/5/12,0.2375
2/6/12,0.285409
2/7/12,0.283762
2/8/12,0.266667
2/9/12,0.329167
2/10/12,0.35
2/11/12,0.290217
2/12/12,0.188
2/13/12,0.25
2/14/12,0.466667
2/15/12,0.683333
2/16/12,0.467739
2/17/12,0.294348
2/18/12,0.2445
2/19/12,0.2125
2/20/12,0.208333
2/21/12,0.3
2/22/12,0.3
2/25/12,0.220833
2/26/12,0.216667
2/27/12,0.341667
2/28/12,0.220833
2/29/12,0.304167
3/1/12,0.265217
3/2/12,0.308333
3/3/12,0.375
3/4/12,0.327095
3/5/12,0.23813
3/6/12,0.241667
3/7/12,0.266773
3/8/12,0.188826
3/9/12,0.220833
3/10/12,0.241667
3/11/12,0.266913
3/12/12,0.343957
3/13/12,0.288545
3/14/12,0.257913
3/15/12,0.266667
3/16/12,0.308333
3/17/12,0.370833
3/18/12,0.309318
3/19/12,0.394
3/20/12,0.337304
3/21/12,0.204167
3/22/12,0.233333
3/23/12,0.228652
3/24/12,0.2125
3/25/12,0.216667
3/26/12,0.232783
3/27/12,0.204167
3/28/12,0.316667
3/29/12,0.258957
3/30/12,0.216667
3/31/12,0.25
4/1/12,0.330773
4/2/12,0.216667
4/3/12,0.208333
4/4/12,0.240652
4/5/12,0.199261
4/6/12,0.2
4/7/12,0.2
4/8/12,0.208333
4/9/12,0.225
4/10/12,0.208333
4/11/12,0.229167
4/12/12,0.254167
4/13/12,0.270833
4/14/12,0.2375
4/15/12,0.245833
4/16/12,0.272773
4/17/12,0.221727
4/18/12,0.2
4/23/12,0.222818
4/24/12,0.216667
4/25/12,0.2125
4/26/12,0.2375
4/27/12,0.199435
4/28/12,0.2
4/29/12,0.193
4/30/12,0.220833
5/1/12,0.245261
5/2/12,0.2
5/3/12,0.254167
5/4/12,0.3125
5/5/12,0.3
5/6/12,0.291304
5/7/12,0.271
5/8/12,0.26087
5/9/12,0.247059
5/10/12,0.2
5/11/12,0.233333
5/12/12,0.27487
5/13/12,0.259773
5/14/12,0.291667
5/15/12,0.227478
5/16/12,0.253174
5/17/12,0.233333
5/18/12,0.313913
5/19/12,0.295833
5/20/12,0.320727
5/21/12,0.201043
5/22/12,0.224957
5/23/12,0.229167
5/24/12,0.2125
5/25/12,0.2349
5/26/12,0.2375
5/27/12,0.244182
5/28/12,0.206696
5/29/12,0.220833
5/30/12,0.291667
5/31/12,0.234217
6/1/12,0.191273
6/2/12,0.2
6/3/12,0.154783
6/4/12,0.166667
6/5/12,0.216667
6/6/12,0.259826
6/7/12,0.279167
6/8/12,0.300826
6/9/12,0.213609
6/10/12,0.239333
6/11/12,0.2
6/12/12,0.183333
6/13/12,0.241667
6/14/12,0.229167
6/15/12,0.310565
6/16/12,0.215364
6/17/12,0.151435
6/18/12,0.152636
6/19/12,0.175
6/20/12,0.254348
6/21/12,0.229167
6/22/12,0.252957
6/23/12,0.204167
6/24/12,0.158333
6/25/12,0.254167
6/26/12,0.165087
6/27/12,0.172773
6/28/12,0.229167
6/29/12,0.34213
6/30/12,0.211136
7/1/12,0.229652
7/2/12,0.233043
7/3/12,0.233333
7/4/12,0.2375
7/5/12,0.2625
7/6/12,0.308333
7/7/12,0.26087
7/8/12,0.170318
7/9/12,0.1875
7/10/12,0.194
7/11/12,0.2352
7/12/12,0.224727
7/13/12,0.242913
7/14/12,0.216667
7/15/12,0.249136
7/16/12,0.258333
7/17/12,0.268565
7/18/12,0.291955
7/19/12,0.252304
7/20/12,0.2
7/21/12,0.254167
7/22/12,0.204364
7/23/12,0.230435
7/24/12,0.251545
7/25/12,0.207261
7/26/12,0.3125
7/27/12,0.295833
7/28/12,0.31
7/29/12,0.2
7/30/12,0.254364
7/31/12,0.242478
8/1/12,0.265
8/2/12,0.275
8/3/12,0.298
8/4/12,0.314565
8/5/12,0.170857
8/6/12,0.18125
8/7/12,0.257
8/8/12,0.241667
8/9/12,0.253304
8/10/12,0.244957
8/11/12,0.216667
8/12/12,0.233333
8/14/12,0.318357
8/15/12,0.329167
8/16/12,0.279565
8/17/12,0.316667
8/18/12,0.301348
8/19/12,0.2875
8/20/12,0.345833
8/21/12,0.304167
8/22/12,0.358333
8/23/12,0.3204
8/24/12,0.35287
8/25/12,0.304167
8/26/12,0.298818
8/27/12,0.291667
8/28/12,0.229167
8/29/12,0.255136
8/30/12,0.291667
8/31/12,0.270043
9/1/12,0.258333
9/2/12,0.233818
9/3/12,0.233957
9/4/12,0.293455
9/5/12,0.254167
9/6/12,0.27787
9/7/12,0.322045
9/8/12,0.220833
9/9/12,0.225304
9/10/12,0.25
9/11/12,0.235435
9/12/12,0.333333
9/13/12,0.283333
9/14/12,0.280609
9/15/12,0.216667
9/16/12,0.2375
9/17/12,0.288235
9/18/12,0.258333
9/19/12,0.186391
9/20/12,0.231571
9/21/12,0.2875
9/22/12,0.250565
9/23/12,0.208333
9/24/12,0.264478
9/25/12,0.25
9/26/12,0.258333
9/27/12,0.245348
9/28/12,0.3
9/29/12,0.2
9/30/12,0.255545
10/1/12,0.222
10/2/12,0.313045
10/3/12,0.345833
10/4/12,0.290261
10/5/12,0.371273
10/6/12,0.304167
10/7/12,0.237304
10/8/12,0.231909
10/9/12,0.204045
10/10/12,0.258381
10/11/12,0.261739
10/12/12,0.266667
10/13/12,0.254435
10/14/12,0.291667
10/15/12,0.205909
10/16/12,0.259696
10/17/12,0.352913
10/18/12,0.454167
10/19/12,0.291667
10/20/12,0.250261
10/21/12,0.2125
10/23/12,0.329167
10/24/12,0.3625
10/25/12,0.558333
10/26/12,0.4
10/27/12,0.370833
10/28/12,0.2
10/29/12,0.135304
10/30/12,0.275818
10/31/12,0.325
11/1/12,0.336478
11/2/12,0.2625
11/3/12,0.2
11/4/12,0.2
11/5/12,0.2
11/6/12,0.266619
11/7/12,0.220739
11/8/12,0.2
11/9/12,0.235609
11/10/12,0.414957
11/11/12,0.454167
11/12/12,0.3
11/13/12,0.241667
11/14/12,0.238773
11/15/12,0.312043
11/16/12,0.383333
11/17/12,0.522273
11/18/12,0.566667
11/19/12,0.42913
11/20/12,0.475
11/21/12,0.391667
11/22/12,0.411478
11/23/12,0.441667
11/24/12,0.2
11/25/12,0.2125
11/26/12,0.2955
11/27/12,0.4
11/28/12,0.357217
11/29/12,0.333333
11/30/12,0.268435
12/1/12,0.318435
12/2/12,0.445833
12/3/12,0.385087
12/4/12,0.6625
12/5/12,0.208333
12/6/12,0.409217
12/7/12,0.6125
12/8/12,0.44087
12/9/12,0.333333
12/10/12,0.359091
12/11/12,0.241304
12/12/12,0.339609
12/13/12,0.716318
12/14/12,0.508333
12/15/12,0.316667
12/16/12,0.2
12/17/12,0.318739
12/18/12,0.320833
12/19/12,0.215409
12/20/12,0.277435
12/21/12,0.235957
12/22/12,0.230318
12/23/12,0.246409
12/24/12,0.4814
12/25/12,0.4625
12/26/12,0.255913
12/27/12,0.204522
12/28/12,0.240773
12/29/12,0.375
12/30/12,0.208333
12/31/12,0.281591
1/1/13,0.239652
1/2/13,0.267087
1/3/13,0.362273
1/4/13,0.3625
1/5/13,0.428217
1/6/13,0.558333
1/7/13,0.454167
1/8/13,0.40213
1/9/13,0.725
1/10/13,0.236522
1/11/13,0.430391
1/12/13,0.362227
1/13/13,0.320833
1/14/13,0.229167
1/15/13,0.253476
1/16/13,0.385739
1/17/13,0.325
1/18/13,0.259826
1/19/13,0.2625
1/20/13,0.223048
1/21/13,0.251043
1/22/13,0.3
1/23/13,0.3
1/24/13,0.291667
1/25/13,0.329167
1/26/13,0.225
1/27/13,0.25487
1/28/13,0.398522
1/29/13,0.529227
1/30/13,0.408333
1/31/13,0.205087
2/1/13,0.238818
2/2/13,0.270833
2/3/13,0.3
2/4/13,0.32685
2/5/13,0.329167
2/6/13,0.381
2/7/13,0.270833
2/8/13,0.208652
2/9/13,0.20487
2/10/13,0.494273
2/11/13,0.741667
2/12/13,0.329167
2/13/13,0.390818
2/14/13,0.358333
2/15/13,0.4
2/16/13,0.383333
2/17/13,0.211273
2/18/13,0.236435
2/19/13,0.365364
2/20/13,0.311765
2/21/13,0.258333
2/22/13,0.291318
2/23/13,0.354167
2/24/13,0.234783
2/25/13,0.325818
2/26/13,0.475
2/27/13,0.241667
2/28/13,0.304273
3/1/13,0.308333
3/2/13,0.229167
3/3/13,0.230143
3/4/13,0.218048
3/5/13,0.273565
3/6/13,0.216667
3/7/13,0.219043
3/8/13,0.258348
3/9/13,0.276227
3/10/13,0.320833
3/11/13,0.277909
3/12/13,0.2875
3/13/13,0.263591
3/14/13,0.258333
3/15/13,0.254167
3/16/13,0.235217
3/17/13,0.245833
3/18/13,0.265083
3/19/13,0.254167
3/20/13,0.314
3/21/13,0.345833
3/22/13,0.3
3/23/13,0.233333
3/24/13,0.233
3/25/13,0.270833
3/26/13,0.240435
3/27/13,0.255318
3/28/13,0.318087
3/29/13,0.291667
3/30/13,0.317455
3/31/13,0.408333
4/1/13,0.245833
4/2/13,0.223273
4/3/13,0.219905
4/4/13,0.246
4/5/13,0.233333
4/6/13,0.240957
4/7/13,0.35
4/8/13,0.258333
4/9/13,0.279167
4/10/13,0.305783
4/11/13,0.275
4/12/13,0.229167
4/13/13,0.283783
4/14/13,0.266667
4/15/13,0.250435
4/16/13,0.239478
4/17/13,0.208864
4/18/13,0.237783
4/19/13,0.2
4/20/13,0.176091
4/21/13,0.200565
4/22/13,0.241667
4/23/13,0.245833
4/24/13,0.2375
4/25/13,0.259
4/26/13,0.2375
4/27/13,0.328391
4/28/13,0.275
4/29/13,0.232842
4/30/13,0.25387
5/1/13,0.342304
5/2/13,0.254167
5/3/13,0.200478
5/4/13,0.241667
5/5/13,0.1875
5/6/13,0.26435
5/7/13,0.266667
5/8/13,0.225
5/9/13,0.280391
5/10/13,0.280667
5/11/13,0.233333
5/12/13,0.2
5/13/13,0.191667
5/14/13,0.203773
5/15/13,0.2625
5/16/13,0.223826
5/17/13,0.2125
5/18/13,0.258333
5/19/13,0.214304
5/20/13,0.269818
5/21/13,0.329167
5/22/13,0.214435
5/23/13,0.285045
5/24/13,0.214217
5/25/13,0.183333
5/26/13,0.195833
5/27/13,0.323652
5/28/13,0.516667
5/29/13,0.271364
5/30/13,0.272217
5/31/13,0.3125
6/1/13,0.243727
6/2/13,0.183333
6/3/13,0.220833
6/4/13,0.170833
6/5/13,0.2
6/6/13,0.2375
6/7/13,0.192636
6/8/13,0.177913
6/9/13,0.208333
6/10/13,0.2625
6/11/13,0.214565
6/12/13,0.2
6/13/13,0.254167
6/14/13,0.217391
6/15/13,0.223043
6/16/13,0.241667
6/17/13,0.219826
6/18/13,0.241667
6/19/13,0.217227
6/20/13,0.279167
6/21/13,0.239261
6/22/13,0.219864
6/23/13,0.2
6/24/13,0.206913
6/25/13,0.229167
6/26/13,0.245833
6/27/13,0.212913
6/28/13,0.2625
6/29/13,0.200913
6/30/13,0.191667
7/1/13,0.1809
7/2/13,0.212174
7/3/13,0.216667
7/4/13,0.1625
7/5/13,0.2
7/6/13,0.2
7/7/13,0.220833
7/8/13,0.245833
7/9/13,0.265609
7/10/13,0.2665
7/11/13,0.285174
7/12/13,0.225
7/13/13,0.244273
7/14/13,0.294435
7/15/13,0.354167
7/16/13,0.291667
7/17/13,0.325
7/18/13,0.322231
7/19/13,0.279167
7/20/13,0.220391
7/21/13,0.177571
7/22/13,0.233333
7/23/13,0.27213
7/24/13,0.254167
7/25/13,0.186087
7/26/13,0.256478
7/27/13,0.258333
7/28/13,0.216667
7/29/13,0.297208
7/30/13,0.223077
7/31/13,0.249765
8/1/13,0.266667
8/2/13,0.229913
8/3/13,0.222773
8/4/13,0.2
8/5/13,0.2
8/6/13,0.230524
8/7/13,0.220348
8/8/13,0.2375
8/9/13,0.233333
8/10/13,0.204167
8/11/13,0.180818
8/12/13,0.231739
8/13/13,0.304167
8/14/13,0.2125
8/15/13,0.181565
8/16/13,0.214217
8/17/13,0.261182
8/18/13,0.283333
8/19/13,0.228522
8/20/13,0.275091
8/21/13,0.283333
8/22/13,0.266667
8/23/13,0.2
8/24/13,0.216667
8/25/13,0.233333
8/26/13,0.276455
8/27/13,0.318783
8/28/13,0.358333
8/29/13,0.2
8/30/13,0.257261
8/31/13,0.3
9/1/13,0.233333
9/11/13,0.279826
9/12/13,0.258333
9/13/13,0.233333
9/14/13,0.162652
9/15/13,0.191667
9/16/13,0.233333
9/17/13,0.238609
9/18/13,0.266667
9/19/13,0.346435
9/20/13,0.391667
9/21/13,0.225
9/22/13,0.15
9/23/13,0.179167
9/24/13,0.191667
9/25/13,0.204304
9/26/13,0.2125
9/27/13,0.274818
9/28/13,0.293826
9/29/13,0.366667
9/30/13,0.331652
10/1/13,0.379167
10/2/13,0.258333
10/3/13,0.276
10/4/13,0.3875
10/5/13,0.2875
10/6/13,0.2
10/7/13,0.255455
10/8/13,0.170833
10/9/13,0.195833
10/10/13,0.264455
10/11/13,0.24713
10/12/13,0.229167
10/13/13,0.219571
10/14/13,0.3625
10/15/13,0.304167
10/16/13,0.270833
10/17/13,0.258333
10/18/13,0.236304
10/19/13,0.245833
10/20/13,0.216667
10/21/13,0.283333
10/22/13,0.295833
10/23/13,0.331739
10/24/13,0.221
10/25/13,0.257667
10/26/13,0.225
10/27/13,0.2
10/28/13,0.225
10/29/13,0.340375
10/30/13,0.665579
10/31/13,0.733333
11/1/13,0.174261
11/2/13,0.340955
11/3/13,0.208333
11/4/13,0.322957
11/5/13,0.4625
11/6/13,0.2625
11/7/13,0.220762
11/8/13,0.250304
11/9/13,0.252045
11/12/13,0.230636
11/13/13,0.283333
11/14/13,0.288696
11/15/13,0.356091
11/16/13,0.619217
11/17/13,0.65
11/18/13,0.241667
11/19/13,0.208333
11/20/13,0.254696
11/21/13,0.475227
11/22/13,0.481565
11/23/13,0.295833
11/24/13,0.2
11/25/13,0.250348
11/26/13,0.345833
11/27/13,0.275
11/28/13,0.220833
11/29/13,0.226304
11/30/13,0.288727
12/1/13,0.434087
12/2/13,0.420833
12/3/13,0.408333
12/4/13,0.622045
12/5/13,0.695833
12/6/13,0.341667
12/7/13,0.264
12/8/13,0.258333
12/9/13,0.338174
12/10/13,0.354167
12/11/13,0.279043
12/12/13,0.316667
12/13/13,0.316667
12/14/13,0.258333
12/15/13,0.256304
12/16/13,0.301125
12/17/13,0.415435
12/18/13,0.332045
12/19/13,0.392217
12/20/13,0.738095
12/21/13,0.358333
12/22/13,0.325
12/23/13,0.426261
12/24/13,0.254167
12/25/13,0.249783
12/26/13,0.416667
12/27/13,0.333333
12/28/13,0.380261
12/29/13,0.495833
12/30/13,0.276136
12/31/13,0.274739
1/1/14,0.238043
1/2/14,0.305263
1/3/14,0.240826
1/4/14,0.3375
1/5/14,0.398048
1/6/14,0.379167
1/7/14,0.266667
1/8/14,0.283091
1/9/14,0.445565
1/10/14,0.620833
1/11/14,0.425
1/12/14,0.218261
1/13/14,0.286826
1/14/14,0.294727
1/15/14,0.420739
1/16/14,0.729167
1/17/14,0.404167
1/18/14,0.4375
1/19/14,0.254167
1/20/14,0.279167
1/21/14,0.2625
1/22/14,0.241261
1/23/14,0.296368
1/24/14,0.316667
1/25/14,0.275
1/26/14,0.227636
1/27/14,0.333333
1/28/14,0.280348
1/29/14,0.304167
1/30/14,0.316913
1/31/14,0.362217
2/1/14,0.383333
2/2/14,0.429167
2/3/14,0.317609
2/4/14,0.424364
2/5/14,0.408333
2/6/14,0.381476
2/7/14,0.383333
2/8/14,0.358333
2/9/14,0.316667
2/10/14,0.328545
2/11/14,0.3625
2/12/14,0.410913
2/13/14,0.370833
2/14/14,0.27813
2/15/14,0.380174
2/16/14,0.275
2/17/14,0.257478
2/18/14,0.552522
2/19/14,0.493955
2/20/14,0.368348
2/21/14,0.408217
2/22/14,0.333333
2/23/14,0.412522
2/24/14,0.358333
2/25/14,0.291667
2/26/14,0.333333
2/27/14,0.381478
2/28/14,0.316091
3/1/14,0.475
3/2/14,0.35
3/3/14,0.25
3/4/14,0.323
3/5/14,0.3
3/6/14,0.386174
3/7/14,0.55
3/8/14,0.45
3/9/14,0.231304
3/10/14,0.309909
3/11/14,0.445348
3/12/14,0.716667
3/13/14,0.241667
3/14/14,0.3125
3/15/14,0.228609
3/16/14,0.21581
3/17/14,0.277217
3/18/14,0.302957
3/19/14,0.397227
3/20/14,0.31687
3/21/14,0.254167
3/22/14,0.276136
3/23/14,0.2375
3/24/14,0.245522
3/25/14,0.2875
3/26/14,0.212522
3/27/14,0.264591
3/28/14,0.241667
3/29/14,0.3
3/30/14,0.233818
3/31/14,0.293409
4/1/14,0.270909
4/2/14,0.441095
4/3/14,0.35
4/4/14,0.265182
4/5/14,0.254167
4/6/14,0.281913
4/7/14,0.404167
4/8/14,0.267217
4/9/14,0.249435
4/10/14,0.238944
4/11/14,0.281391
4/12/14,0.286261
4/13/14,0.304167
4/14/14,0.2
4/15/14,0.2
4/16/14,0.2
4/17/14,0.209913
4/18/14,0.248652
4/19/14,0.2625
4/20/14,0.215043
4/21/14,0.254167
4/22/14,0.245833
4/23/14,0.2375
4/24/14,0.2
4/25/14,0.246273
4/26/14,0.245833
4/27/14,0.257773
4/28/14,0.291667
4/29/14,0.2
4/30/14,0.200696
5/1/14,0.590273
5/2/14,0.370833
5/3/14,0.275
5/4/14,0.216667
5/5/14,0.210727
5/6/14,0.229273
5/7/14,0.245833
5/8/14,0.318409
5/9/14,0.352476
5/10/14,0.241667
5/11/14,0.2125
5/12/14,0.232478
5/13/14,0.2
5/14/14,0.217545
5/15/14,0.233333
5/16/14,0.195833
5/17/14,0.182273
5/18/14,0.218
5/19/14,0.2125
5/20/14,0.217273
5/21/14,0.270833
5/22/14,0.23087
5/23/14,0.202318
5/24/14,0.2125
5/25/14,0.220833
5/26/14,0.249773
5/27/14,0.258333
5/28/14,0.201478
5/29/14,0.270773
5/30/14,0.274826
5/31/14,0.220833
6/1/14,0.254167
6/2/14,0.2405
6/3/14,0.220571
6/4/14,0.202478
6/5/14,0.299409
6/6/14,0.233333
6/7/14,0.255217
6/8/14,0.3125
6/9/14,0.229167
6/10/14,0.225
6/11/14,0.1875
6/12/14,0.175
6/13/14,0.219609
6/14/14,0.219091
6/15/14,0.195833
6/16/14,0.203913
6/17/14,0.245833
6/18/14,0.2
6/19/14,0.2
6/20/14,0.1625
6/21/14,0.166667
6/22/14,0.2
6/23/14,0.254167
6/24/14,0.2
6/25/14,0.170833
6/26/14,0.183333
6/27/14,0.240696
6/28/14,0.2875
6/29/14,0.220833
6/30/14,0.187565
7/1/14,0.208333
7/2/14,0.193227
7/3/14,0.199818
7/4/14,0.1875
7/5/14,0.128261
7/6/14,0.166238
7/7/14,0.220476
7/8/14,0.216667
7/9/14,0.191818
7/10/14,0.238739
7/11/14,0.254167
7/12/14,0.2625
7/13/14,0.2
7/14/14,0.233333
7/15/14,0.184909
7/16/14,0.244857
7/17/14,0.2125
7/18/14,0.267909
7/19/14,0.346435
7/20/14,0.245833
7/21/14,0.222909
7/22/14,0.2875
7/23/14,0.219826
7/24/14,0.26081
7/25/14,0.268652
7/26/14,0.279167
7/27/14,0.254167
7/28/14,0.270833
7/29/14,0.22887
7/30/14,0.286667
7/31/14,0.283333
8/1/14,0.280261
8/2/14,0.254167
8/3/14,0.240571
8/4/14,0.291667
8/5/14,0.3375
8/6/14,0.3
8/7/14,0.234304
8/8/14,0.239391
8/9/14,0.294227
8/10/14,0.316667
8/11/14,0.308333
8/12/14,0.245864
8/13/14,0.226478
8/14/14,0.270435
8/15/14,0.329167
8/16/14,0.240565
8/17/14,0.233333
8/18/14,0.205955
8/19/14,0.260435
8/20/14,0.3125
8/21/14,0.308333
8/22/14,0.226391
8/23/14,0.22
8/24/14,0.288591
8/25/14,0.320833
8/26/14,0.295833
8/27/14,0.258333
8/28/14,0.208333
8/29/14,0.22513
8/30/14,0.232273
8/31/14,0.220091
9/1/14,0.258045
9/2/14,0.286957
9/3/14,0.228652
9/4/14,0.2625
9/5/14,0.291667
9/6/14,0.2
9/7/14,0.233333
9/8/14,0.266667
9/9/14,0.210217
9/10/14,0.213455
9/11/14,0.234739
9/12/14,0.215478
9/13/14,0.201182
9/14/14,0.2
9/15/14,0.260261
9/16/14,0.399727
9/17/14,0.370833
9/18/14,0.275
9/19/14,0.24119
9/20/14,0.289682
9/21/14,0.254167
9/22/14,0.211111
9/23/14,0.311143
9/24/14,0.291667
9/25/14,0.3
9/26/14,0.428864
9/27/14,0.4125
9/28/14,0.377778
9/29/14,0.35
9/30/14,0.241667
10/1/14,0.233333
10/2/14,0.247158
10/3/14,0.3
10/4/14,0.288889
10/5/14,0.229167
10/6/14,0.3
10/7/14,0.261111
10/8/14,0.229167
10/9/14,0.261455
10/10/14,0.283857
10/11/14,0.415227
10/12/14,0.2875
10/13/14,0.294444
10/14/14,0.21945
10/15/14,0.262727
10/16/14,0.206714
10/17/14,0.244227
10/18/14,0.241667
10/19/14,0.161111
10/20/14,0.232636
10/21/14,0.320833
10/22/14,0.2
10/23/14,0.182353
10/24/14,0.2
10/25/14,0.285952
10/26/14,0.2375
10/27/14,0.263591
10/28/14,0.576762
10/29/14,0.475
10/30/14,0.413091
10/31/14,0.355556
11/1/14,0.2
11/2/14,0.2
11/3/14,0.2645
11/4/14,0.438889
11/5/14,0.39965
11/6/14,0.504167
11/7/14,0.316667
11/8/14,0.2505
11/9/14,0.37185
11/10/14,0.577778
11/11/14,0.55
11/12/14,0.358333
11/13/14,0.316667
11/14/14,0.269136
11/15/14,0.291667
11/16/14,0.35
11/17/14,0.458136
11/18/14,0.329167
2/5/15,0.320833
2/6/15,0.337
2/7/15,0.363476
2/8/15,0.366667
2/9/15,0.3
2/10/15,0.288381
2/11/15,0.351045
2/12/15,0.569364
2/13/15,0.338889
2/14/15,0.357545
2/15/15,0.279167
2/16/15,0.266238
2/17/15,0.359045
2/18/15,0.461227
2/19/15,0.394444
2/20/15,0.280182
2/21/15,0.354909
2/22/15,0.486571
2/23/15,0.391667
2/24/15,0.333409
2/25/15,0.416667
2/26/15,0.301864
2/27/15,0.334727
2/28/15,0.329857
3/1/15,0.46285
3/2/15,0.361111
3/3/15,0.2832
3/4/15,0.338955
3/5/15,0.322222
3/6/15,0.286636
3/7/15,0.348773
3/8/15,0.422222
3/9/15,0.352045
3/10/15,0.408333
3/11/15,0.3
3/12/15,0.238667
3/13/15,0.275
3/14/15,0.384762
3/15/15,0.2875
3/16/15,0.346955
3/17/15,0.438889
3/18/15,0.225864
3/19/15,0.242
3/20/15,0.383333
3/21/15,0.408333
3/22/15,0.229167
3/23/15,0.238952
3/24/15,0.332318
3/25/15,0.441667
3/26/15,0.314333
3/27/15,0.431864
3/28/15,0.366667
3/29/15,0.255737
3/30/15,0.3
4/1/15,0.293429
4/2/15,0.379167
4/3/15,0.339864
4/4/15,0.295833
4/5/15,0.234286
4/6/15,0.31545
4/7/15,0.306773
4/8/15,0.294444
4/9/15,0.273773
4/10/15,0.345833
4/11/15,0.238889
4/12/15,0.27015
4/13/15,0.3
4/14/15,0.265947
4/21/15,0.3
4/22/15,0.389045
4/23/15,0.228619
4/24/15,0.226409
4/25/15,0.223318
4/26/15,0.249684
4/27/15,0.275
4/28/15,0.215545
4/29/15,0.250714
4/30/15,0.244444
5/1/15,0.235273
5/2/15,0.236136
5/3/15,0.25
5/4/15,0.241667
5/5/15,0.318773
5/6/15,0.3
5/7/15,0.275
5/8/15,0.2375
5/9/15,0.22719
5/10/15,0.2
5/11/15,0.212636
5/12/15,0.244444
5/13/15,0.2
5/14/15,0.271636
5/15/15,0.327778
5/16/15,0.266667
5/17/15,0.275
5/18/15,0.210429
5/19/15,0.254167
5/20/15,0.204167
5/21/15,0.229381
5/22/15,0.2
5/23/15,0.201045
5/24/15,0.216
5/25/15,0.237682
5/26/15,0.216
5/27/15,0.201857
5/28/15,0.225
5/29/15,0.279591
5/30/15,0.238889
5/31/15,0.1625
6/1/15,0.2
6/2/15,0.212524
6/3/15,0.247667
6/4/15,0.229167
6/5/15,0.269318
6/6/15,0.277286
6/7/15,0.241667
6/8/15,0.2
6/9/15,0.219429
6/10/15,0.231
6/11/15,0.285727
6/12/15,0.319111
6/13/15,0.271909
6/14/15,0.258333
6/15/15,0.211111
6/16/15,0.276409
6/17/15,0.219773
6/18/15,0.238889
6/19/15,0.209409
6/20/15,0.2031
6/21/15,0.261538
6/22/15,0.33855
6/23/15,0.320833
6/24/15,0.21081
6/25/15,0.231227
6/26/15,0.235857
6/27/15,0.288889
6/28/15,0.16
6/29/15,0.244444
6/30/15,0.261111
7/1/15,0.266667
7/2/15,0.259
7/3/15,0.238889
7/4/15,0.333545
7/5/15,0.3125
7/6/15,0.338889
7/7/15,0.226045
7/8/15,0.273636
7/9/15,0.311905
7/10/15,0.318091
7/11/15,0.239864
7/12/15,0.277778
7/13/15,0.358333
7/14/15,0.295833
7/15/15,0.243381
7/16/15,0.2125
7/17/15,0.325
7/18/15,0.232429
7/19/15,0.25315
7/20/15,0.270227
7/21/15,0.314714
7/22/15,0.208333
7/23/15,0.201545
7/24/15,0.233476
7/25/15,0.208333
7/26/15,0.224591
7/27/15,0.243381
7/28/15,0.282364
7/29/15,0.3
7/30/15,0.283333
7/31/15,0.254667
8/1/15,0.241667
8/2/15,0.2125
8/3/15,0.23719
8/4/15,0.267
8/5/15,0.229818
8/6/15,0.219857
8/7/15,0.270833
8/8/15,0.2375
8/9/15,0.205556
8/10/15,0.233333
8/11/15,0.241667
8/12/15,0.2465
8/13/15,0.222214
8/14/15,0.235227
8/15/15,0.233619
8/16/15,0.28185
8/17/15,0.291667
8/18/15,0.3
8/19/15,0.208333
8/20/15,0.2
8/21/15,0.222222
8/22/15,0.213182
8/23/15,0.2
8/24/15,0.211111
8/25/15,0.204167
8/26/15,0.227864
8/27/15,0.244444
8/28/15,0.285818
8/29/15,0.279167
8/30/15,0.249737
8/31/15,0.3
9/1/15,0.3
9/2/15,0.304667
9/3/15,0.352727
9/4/15,0.2375
9/5/15,0.267238
9/6/15,0.245833
9/7/15,0.233636
9/8/15,0.333333
9/9/15,0.25
9/10/15,0.205409
9/11/15,0.244857
9/12/15,0.291667
9/13/15,0.179167
9/14/15,0.2
9/15/15,0.214
9/16/15,0.293864
9/17/15,0.294524
9/18/15,0.325
9/19/15,0.279167
9/20/15,0.211111
9/21/15,0.1875
9/22/15,0.211955
9/23/15,0.331333
9/24/15,0.320833
9/25/15,0.283333
9/26/15,0.244381
9/27/15,0.275
9/28/15,0.245136
9/29/15,0.22419
9/30/15,0.2
10/1/15,0.179167
10/2/15,0.171
10/3/15,0.154167
10/4/15,0.150955
10/5/15,0.239048
10/6/15,0.3693
10/7/15,0.325
10/8/15,0.225714
10/9/15,0.233333
10/10/15,0.216667
10/11/15,0.227778
10/12/15,0.283333
10/13/15,0.3875
10/14/15,0.205556
10/15/15,0.255045
10/16/15,0.266182
10/17/15,0.255556
10/18/15,0.2
10/19/15,0.226318
10/20/15,0.27481
10/21/15,0.325
10/22/15,0.3
10/23/15,0.204167
10/24/15,0.276875
10/25/15,0.216667
10/26/15,0.291875
10/27/15,0.527056
10/28/15,0.433333
10/29/15,0.179333
10/30/15,0.2
10/31/15,0.266773
11/1/15,0.261111
11/2/15,0.396875
11/3/15,0.433333
11/4/15,0.36875
11/5/15,0.272222
11/6/15,0.230409
11/7/15,0.204167
11/8/15,0.208053
11/9/15,0.308333
11/10/15,0.441667
11/11/15,0.216667
11/12/15,0.283773
11/13/15,0.21665
11/14/15,0.205556
11/15/15,0.256318
11/16/15,0.295833
11/17/15,0.352143
11/18/15,0.5375
11/19/15,0.288235
11/20/15,0.200882
11/21/15,0.285409
11/22/15,0.529167
11/23/15,0.220905
11/24/15,0.353364
11/25/15,0.5625
11/26/15,0.277778
11/27/15,0.204167
11/28/15,0.244136
11/29/15,0.230619
11/30/15,0.286955
12/1/15,0.420833
12/2/15,0.490952
12/3/15,0.4125
12/4/15,0.276
12/5/15,0.346143
12/6/15,0.391667
12/7/15,0.458333
12/8/15,0.25
12/9/15,0.333333
12/10/15,0.403045
12/11/15,0.461111
12/12/15,0.411364
12/13/15,0.308333
12/14/15,0.412286
12/15/15,0.3125
12/16/15,0.232818
12/17/15,0.284857
12/18/15,0.292864
12/19/15,0.2125
12/20/15,0.257053
12/21/15,0.266667
12/22/15,0.372318
12/23/15,0.455556
12/24/15,0.325
12/25/15,0.358333
12/26/15,0.216667
12/27/15,0.242636
12/28/15,0.202136
12/29/15,0.201619
12/30/15,0.362864
12/31/15,0.555556
1/1/16,0.244455
1/2/16,0.253636
1/3/16,0.273684
1/4/16,0.283333
1/5/16,0.290909
1/6/16,0.348
1/7/16,0.669545
1/8/16,0.454167
1/9/16,0.338524
1/10/16,0.283333
1/11/16,0.218955
1/12/16,0.315095
1/13/16,0.2375
1/14/16,0.290545
1/15/16,0.472222
1/16/16,0.338636
1/17/16,0.258333
1/18/16,0.217
1/19/16,0.2
1/20/16,0.209273
1/21/16,0.217238
1/22/16,0.219
1/23/16,0.225
1/24/16,0.272
1/25/16,0.320833
1/26/16,0.341667
1/27/16,0.3
1/28/16,0.362182
1/29/16,0.445833
1/30/16,0.254167
1/31/16,0.245833
2/1/16,0.240211
2/2/16,0.315783
2/3/16,0.320833
2/4/16,0.25
2/5/16,0.241391
2/6/16,0.318304
2/7/16,0.320833
2/8/16,0.204783
2/9/16,0.357435
2/10/16,0.508333
2/11/16,0.295833
2/12/16,0.278957
2/13/16,0.219048
2/14/16,0.225348
2/15/16,0.351391
2/16/16,0.354167
2/17/16,0.270833
2/18/16,0.246435
2/19/16,0.307048
2/20/16,0.241478
2/21/16,0.25687
2/22/16,0.2875
2/23/16,0.304167
2/24/16,0.264348
2/25/16,0.225238
2/26/16,0.209696
2/27/16,0.228826
2/28/16,0.241957
2/29/16,0.254167
3/1/16,0.223381
3/2/16,0.225762
3/3/16,0.241522
3/4/16,0.2875
3/5/16,0.245696
3/6/16,0.267609
3/7/16,0.320833
3/8/16,0.35
3/9/16,0.288609
3/10/16,0.4
3/11/16,0.333333
3/12/16,0.258348
3/13/16,0.2375
3/14/16,0.2
3/15/16,0.229167
3/16/16,0.245833
3/17/16,0.238043
3/18/16,0.239043
3/19/16,0.222
3/20/16,0.2
3/21/16,0.2625
3/22/16,0.238522
3/23/16,0.258333
3/24/16,0.213391
3/25/16,0.344609
3/26/16,0.246333
3/27/16,0.232522
3/28/16,0.258333
3/29/16,0.208333
3/30/16,0.244565
3/31/16,0.2