date	close
1-Apr-01	0.081818
2-Apr-01	0.217391
3-Apr-01	0.169565
4-Apr-01	0.258333
5-Apr-01	0.278261
6-Apr-01	0.65
7-Apr-01	0.058333
8-Apr-01	0.095652
9-Apr-01	0.175
10-Apr-01	0.095455
11-Apr-01	0.18125
12-Apr-01	0.226667
13-Apr-01	0.259091
14-Apr-01	0.033333
15-Apr-01	0.1
16-Apr-01	0.15
17-Apr-01	0.216667
18-Apr-01	0.017391
19-Apr-01	0.194444
20-Apr-01	0.404167
21-Apr-01	0.356522
22-Apr-01	0.229167
23-Apr-01	0.304348
24-Apr-01	0.2875
25-Apr-01	0.245455
26-Apr-01	0.258333
27-Apr-01	0.430435
28-Apr-01	0.295833
29-Apr-01	0.1
30-Apr-01	0.426087
1-May-01	0.641667
2-May-01	0.391304
3-May-01	0.390476
4-May-01	0.3375
5-May-01	0.141667
6-May-01	0.021739
7-May-01	0.2125
8-May-01	0.0875
9-May-01	0.178261
10-May-01	0.313636
11-May-01	0.270833
12-May-01	0.225
13-May-01	0.0125
14-May-01	0.017391
15-May-01	0.029167
16-May-01	0.013636
17-May-01	0.130435
18-May-01	0.221053
19-May-01	0.2375
20-May-01	0.143478
21-May-01	0.233333
22-May-01	0.222727
23-May-01	0.216667
24-May-01	0.216667
25-May-01	0.222727
26-May-01	0.221739
27-May-01	0.208333
28-May-01	0.327273
29-May-01	0.3625
30-May-01	0.141667
31-May-01	0.066667
1-Jun-01	0.230435
2-Jun-01	0.33913
3-Jun-01	0.259091
4-Jun-01	0.275
5-Jun-01	0.169565
6-Jun-01	0.125
7-Jun-01	0.182609
8-Jun-01	0.313043
9-Jun-01	0.208333
10-Jun-01	0.154167
11-Jun-01	0.491667
12-Jun-01	0.218182
13-Jun-01	0.358824
14-Jun-01	0.513043
15-Jun-01	0.495833
16-Jun-01	0.3375
17-Jun-01	0.366667
18-Jun-01	0.286364
19-Jun-01	0.3875
20-Jun-01	0.370833
21-Jun-01	0.222727
22-Jun-01	0.304348
23-Jun-01	0.295652
24-Jun-01	0.241667
25-Jun-01	0.356522
26-Jun-01	0.420833
27-Jun-01	0.308333
28-Jun-01	0.195833
29-Jun-01	0.195652
30-Jun-01	0.263636
1-Jul-01	0.220833
2-Jul-01	0.0875
3-Jul-01	0.2125
4-Jul-01	0.130435
5-Jul-01	0.256522
6-Jul-01	0.154167
7-Jul-01	0.15
8-Jul-01	0.166667
9-Jul-01	0.322727
10-Jul-01	0.320833
11-Jul-01	0.179167
12-Jul-01	0.013636
13-Jul-01	0.026087
14-Jul-01	0.030435
15-Jul-01	0.086364
16-Jul-01	0.126087
17-Jul-01	0.225
18-Jul-01	0.125
19-Jul-01	0.047826
20-Jul-01	0.241667
21-Jul-01	0.083333
22-Jul-01	0.004348
23-Jul-01	0.004348
24-Jul-01	0.006667
25-Jul-01	0.008696
26-Jul-01	0.16087
27-Jul-01	0.070833
28-Jul-01	0.029167
29-Jul-01	0.008696
30-Jul-01	0.477273
31-Jul-01	0.4875
1-Aug-01	0.56087
2-Aug-01	0.55
3-Aug-01	0.478261
4-Aug-01	0.445455
7-Aug-01	0.523077
8-Aug-01	0.326316
9-Aug-01	0.452174
10-Aug-01	0.533333
11-Aug-01	0.166667
12-Aug-01	0.095833
13-Aug-01	0.33913
14-Aug-01	0.3125
15-Aug-01	0.430435
16-Aug-01	0.379167
17-Aug-01	0.304545
18-Aug-01	0.247826
19-Aug-01	0.379167
20-Aug-01	0.333333
21-Aug-01	0.517391
22-Aug-01	0.304167
23-Aug-01	0.3125
24-Aug-01	0.252174
25-Aug-01	0.1625
26-Aug-01	0.1
27-Aug-01	0.195652
28-Aug-01	0.275
29-Aug-01	0.147619
30-Aug-01	0.313043
1-Sep-01	0.236842
2-Sep-01	0.1875
3-Sep-01	0.25
4-Sep-01	0.506667
5-Sep-01	0.55
6-Sep-01	0.377778
7-Sep-01	0.5
10-Sep-01	0.3625
11-Sep-01	0.145833
12-Sep-01	0.217391
13-Sep-01	0.316667
14-Sep-01	0.304348
15-Sep-01	0.291304
16-Sep-01	0.283333
17-Sep-01	0.430435
18-Sep-01	0.543478
19-Sep-01	0.379167
20-Sep-01	0.36087
21-Sep-01	0.45
22-Sep-01	0.316667
23-Sep-01	0.46087
24-Sep-01	0.466667
25-Sep-01	0.290909
26-Sep-01	0.1875
27-Sep-01	0.3
28-Sep-01	0.2875
29-Sep-01	0.0125
30-Sep-01	0
1-Oct-01	0.404545
2-Oct-01	0.479167
3-Oct-01	0.416667
4-Oct-01	0.263636
5-Oct-01	0.245833
6-Oct-01	0.083333
7-Oct-01	0.029167
8-Oct-01	0.052174
9-Oct-01	0.145833
10-Oct-01	0.209091
11-Oct-01	0.252174
12-Oct-01	0.347619
13-Oct-01	0.3
14-Oct-01	0.033333
15-Oct-01	0.23913
16-Oct-01	0.420833
17-Oct-01	0.120833
18-Oct-01	0.06087
19-Oct-01	0.368421
20-Oct-01	0.395652
21-Oct-01	0.383333
22-Oct-01	0.627273
23-Oct-01	0.741667
24-Oct-01	0.4375
25-Oct-01	0.354167
26-Oct-01	0.252174
27-Oct-01	0.091667
7-Nov-01	0.083333
8-Nov-01	0.269565
9-Nov-01	0.166667
10-Nov-01	0.926087
11-Nov-01	0.55
12-Nov-01	0.058333
13-Nov-01	0.526087
14-Nov-01	0.530435
15-Nov-01	0.804545
16-Nov-01	0.383333
17-Nov-01	0.178261
18-Nov-01	0.229167
19-Nov-01	0.241667
20-Nov-01	0.134783
21-Nov-01	0.318182
22-Nov-01	0.804348
23-Nov-01	1.216667
24-Nov-01	0.504545
25-Nov-01	0.4
26-Nov-01	0.352174
27-Nov-01	0.222222
28-Nov-01	0.433333
29-Nov-01	0.521739
30-Nov-01	1.277273
1-Dec-01	0.2875
2-Dec-01	0.304348
3-Dec-01	0.631818
4-Dec-01	0.947826
5-Dec-01	1.404348
6-Dec-01	0.891667
7-Dec-01	0.452174
8-Dec-01	0.4
9-Dec-01	0.3625
10-Dec-01	0.865217
11-Dec-01	0.933333
12-Dec-01	0.5
13-Dec-01	0.995652
14-Dec-01	0.754167
15-Dec-01	0.329167
16-Dec-01	0.178261
17-Dec-01	0.804348
18-Dec-01	0.5125
19-Dec-01	0.880952
20-Dec-01	1.108333
21-Dec-01	0.258333
22-Dec-01	0.182609
23-Dec-01	0.6
24-Dec-01	0.75
25-Dec-01	0.373913
26-Dec-01	0.758333
27-Dec-01	0.483333
28-Dec-01	0.491304
29-Dec-01	0.379167
30-Dec-01	0.283333
31-Dec-01	0.343478
1-Jan-02	0.247826
2-Jan-02	0.322222
3-Jan-02	0.4
11-Jan-02	0.690909
12-Jan-02	0.530435
13-Jan-02	0.479167
14-Jan-02	0.481818
15-Jan-02	0.666667
16-Jan-02	0.425
17-Jan-02	0.616667
18-Jan-02	0.475
19-Jan-02	0.504348
20-Jan-02	0.518182
21-Jan-02	0.895833
22-Jan-02	0.530435
23-Jan-02	0.4875
24-Jan-02	0.71
25-Jan-02	0.3875
26-Jan-02	0.418182
27-Jan-02	0.730435
28-Jan-02	0.852174
29-Jan-02	0.845455
30-Jan-02	0.6125
31-Jan-02	0.3
1-Feb-02	0.572727
2-Feb-02	0.2
3-Feb-02	0.404348
4-Feb-02	0.5875
5-Feb-02	0.2
6-Feb-02	0.39
7-Feb-02	0.878261
8-Feb-02	0.6375
9-Feb-02	0.404348
10-Feb-02	0.7
11-Feb-02	0.408333
12-Feb-02	0.417391
13-Feb-02	0.3875
14-Feb-02	0.465217
15-Feb-02	0.45
16-Feb-02	0.618182
17-Feb-02	0.958333
18-Feb-02	0.33913
19-Feb-02	0.605263
20-Feb-02	1.01875
21-Feb-02	0.678261
22-Feb-02	0.583333
23-Feb-02	0.417391
24-Feb-02	0.383333
25-Feb-02	0.541667
26-Feb-02	0.46087
27-Feb-02	0.5
28-Feb-02	0.322222
1-Mar-02	0.528571
2-Mar-02	0.938095
3-Mar-02	0.375
4-Mar-02	0.358333
5-Mar-02	0.36087
6-Mar-02	0.745455
7-Mar-02	0.829167
8-Mar-02	0.495652
9-Mar-02	0.531818
10-Mar-02	0.283333
11-Mar-02	0.304348
12-Mar-02	0.609091
13-Mar-02	1.025
14-Mar-02	0.530435
15-Mar-02	0.683333
16-Mar-02	0.545833
17-Mar-02	0.3
18-Mar-02	0.3875
19-Mar-02	0.425
20-Mar-02	0.470833
21-Mar-02	0.377273
22-Mar-02	0.254167
23-Mar-02	0.295652
24-Mar-02	0.283333
25-Mar-02	0.321739
26-Mar-02	0.36
27-Mar-02	0.826316
28-Mar-02	0.304348
29-Mar-02	0.530435
30-Mar-02	0.436364
31-Mar-02	0.970833
1-Apr-02	0.370833
2-Apr-02	0.368182
3-Apr-02	0.379167
4-Apr-02	0.247826
5-Apr-02	0.304545
6-Apr-02	0.245833
7-Apr-02	0.195652
8-Apr-02	0.35
9-Apr-02	0.3375
10-Apr-02	0.35
11-Apr-02	0.295833
12-Apr-02	0.430435
13-Apr-02	0.3
14-Apr-02	0.2
15-Apr-02	0.366667
16-Apr-02	0.582609
17-Apr-02	0.523529
18-Apr-02	0.427273
19-Apr-02	0.508696
20-Apr-02	0.386364
21-Apr-02	0.25
22-Apr-02	0.265217
23-Apr-02	0.245455
24-Apr-02	0.365217
25-Apr-02	0.425
26-Apr-02	0.310526
27-Apr-02	0.321739
28-Apr-02	0.325
29-Apr-02	0.354545
30-Apr-02	0.521739
1-May-02	0.447826
2-May-02	0.758333
3-May-02	0.354167
4-May-02	0.343478
5-May-02	0.416667
6-May-02	0.441667
7-May-02	0.413043
8-May-02	0.383333
9-May-02	0.4
10-May-02	0.3875
11-May-02	0.245455
12-May-02	0.325
13-May-02	0.270833
14-May-02	0.286364
15-May-02	0.283333
16-May-02	0.358333
17-May-02	0.3625
18-May-02	0.258333
19-May-02	0.183333
20-May-02	0.245833
21-May-02	0.254167
22-May-02	0.23913
23-May-02	0.340909
24-May-02	0.320833
25-May-02	0.230435
26-May-02	0.254167
27-May-02	0.434783
28-May-02	0.458333
29-May-02	0.55
30-May-02	0.3
31-May-02	0.241667
1-Jun-02	0.1875
2-Jun-02	0.1125
3-Jun-02	0.1
4-Jun-02	0.170833
5-Jun-02	0.221739
6-Jun-02	0.3125
7-Jun-02	0.259091
8-Jun-02	0.304167
9-Jun-02	0.243478
9-Jun-02	0.190909
10-Jun-02	1.692308
10-Jun-02	0.333333
13-Jun-02	0.414286
14-Jun-02	0.229167
15-Jun-02	0.0375
16-Jun-02	0.086364
17-Jun-02	0.108333
18-Jun-02	0.152174
19-Jun-02	0.291667
20-Jun-02	0.395833
21-Jun-02	0.178261
22-Jun-02	0.166667
23-Jun-02	0.178261
24-Jun-02	0.045833
25-Jun-02	0.133333
26-Jun-02	0.173913
11-Jul-02	0.119048
12-Jul-02	0.245833
13-Jul-02	0.183333
14-Jul-02	0.1875
15-Jul-02	0.252174
16-Jul-02	0.141667
17-Jul-02	0.182609
18-Jul-02	0.404348
19-Jul-02	0.4125
20-Jul-02	0.234783
21-Jul-02	0.229167
22-Jul-02	0.204545
23-Jul-02	0.241667
24-Jul-02	0.033333
25-Jul-02	0.095833
26-Jul-02	0.029167
27-Jul-02	0.156522
28-Jul-02	0.254167
29-Jul-02	0.213043
30-Jul-02	0.2125
31-Jul-02	0.118182
6-Aug-02	0.020833
7-Aug-02	0.004348
8-Aug-02	0.065217
9-Aug-02	0.044444
10-Aug-02	0.020833
11-Aug-02	0.05
12-Aug-02	0.122727
13-Aug-02	0.208696
14-Aug-02	0.1375
15-Aug-02	0.041667
16-Aug-02	0.117391
17-Aug-02	0.034783
18-Aug-02	0.041667
19-Aug-02	0.121739
20-Aug-02	0.120833
21-Aug-02	0.033333
22-Aug-02	0.033333
23-Aug-02	0.06087
24-Aug-02	0.1125
25-Aug-02	0.108696
26-Aug-02	0.120833
27-Aug-02	0.073333
28-Aug-02	0
29-Aug-02	0.004348
30-Aug-02	0.122727
31-Aug-02	0.141667
1-Sep-02	0
2-Sep-02	0
3-Sep-02	0.143478
4-Sep-02	0.231818
5-Sep-02	0.158333
6-Sep-02	0.373913
13-Sep-02	0.220833
14-Sep-02	0.4
15-Sep-02	0.183333
16-Sep-02	0.236364
17-Sep-02	0.74
18-Sep-02	0.53913
19-Sep-02	0.45
20-Sep-02	0.43
21-Sep-02	0.378261
22-Sep-02	0.343478
23-Sep-02	0.395455
24-Sep-02	0.366667
25-Sep-02	0.573913
26-Sep-02	0.36
27-Sep-02	0.361905
28-Sep-02	0.234783
29-Sep-02	0.309091
30-Sep-02	0.352174
1-Oct-02	0.358333
2-Oct-02	0.495833
3-Oct-02	0.352174
4-Oct-02	0.3625
5-Oct-02	0.263636
6-Oct-02	0.220833
7-Oct-02	0.486957
8-Oct-02	0.264706
9-Oct-02	0.4
10-Oct-02	0.483333
11-Oct-02	0.431818
12-Oct-02	0.270833
13-Oct-02	0.295833
14-Oct-02	0.231818
15-Oct-02	0.391667
16-Oct-02	0.291304
17-Oct-02	0.466667
18-Oct-02	0.413043
19-Oct-02	0.386957
20-Oct-02	0.279167
21-Oct-02	0.378261
22-Oct-02	0.358333
23-Oct-02	0.373684
24-Oct-02	0.375
25-Oct-02	0.56087
26-Oct-02	0.4
27-Oct-02	0.25
28-Oct-02	0.26087
29-Oct-02	0.290909
30-Oct-02	0.3375
31-Oct-02	0.5625
1-Nov-02	0.486364
2-Nov-02	0.291304
3-Nov-02	0.358333
4-Nov-02	0.813636
5-Nov-02	0.408696
6-Nov-02	0.313043
7-Nov-02	0.3125
8-Nov-02	0.373913
9-Nov-02	0.395833
10-Nov-02	0.277273
11-Nov-02	0.2625
12-Nov-02	0.45
13-Nov-02	0.320833
14-Nov-02	0.4125
15-Nov-02	0.53913
16-Nov-02	0.25
17-Nov-02	0.216667
18-Nov-02	0.2125
27-Nov-02	0.304348
28-Nov-02	0.304167
29-Nov-02	0.382609
30-Nov-02	0.475
1-Dec-02	0.204545
2-Dec-02	0.370833
3-Dec-02	0.343478
4-Dec-02	0.425
5-Dec-02	0.491304
6-Dec-02	0.558333
7-Dec-02	0.513636
8-Dec-02	0.386957
9-Dec-02	0.358333
10-Dec-02	0.6
11-Dec-02	0.813043
12-Dec-02	0.270833
13-Dec-02	0.7625
14-Dec-02	0.191304
15-Dec-02	0.183333
16-Dec-02	0.422727
17-Dec-02	0.3
18-Dec-02	0.845833
19-Dec-02	0.690909
20-Dec-02	0.526087
21-Dec-02	0.3
22-Dec-02	0.333333
23-Dec-02	0.347826
24-Dec-02	0.35
25-Dec-02	0.222727
26-Dec-02	0.2375
27-Dec-02	0.495833
28-Dec-02	0.727273
29-Dec-02	0.326087
30-Dec-02	0.420833
31-Dec-02	0.866667
1-Jan-03	0.486957
2-Jan-03	0.295833
3-Jan-03	0.345455
4-Jan-03	0.217391
5-Jan-03	0.291667
6-Jan-03	0.55
7-Jan-03	0.3
8-Jan-03	0.4125
9-Jan-03	0.625
10-Jan-03	0.495652
11-Jan-03	0.247826
12-Jan-03	0.204545
13-Jan-03	0.347826
14-Jan-03	0.273333
15-Jan-03	0.568182
16-Jan-03	0.482609
17-Jan-03	0.526087
18-Jan-03	0.479167
19-Jan-03	0.76087
20-Jan-03	0.421739
21-Jan-03	0.4625
22-Jan-03	0.421739
23-Jan-03	0.404167
24-Jan-03	0.370833
25-Jan-03	0.466667
26-Jan-03	0.604167
27-Jan-03	0.336364
28-Jan-03	0.45
29-Jan-03	0.795833
30-Jan-03	0.836364
31-Jan-03	0.734783
1-Feb-03	0.491304
2-Feb-03	0.55
3-Feb-03	0.675
4-Feb-03	1.030435
5-Feb-03	0.516667
6-Feb-03	0.6625
7-Feb-03	0.9125
8-Feb-03	0.709091
9-Feb-03	0.743478
10-Feb-03	1.078261
11-Feb-03	0.713636
12-Feb-03	0.778261
13-Feb-03	0.675
14-Feb-03	0.604545
15-Feb-03	0.434783
16-Feb-03	0.525
17-Feb-03	0.468182
18-Feb-03	0.541667
19-Feb-03	0.7875
20-Feb-03	0.7
21-Feb-03	0.7375
22-Feb-03	0.921739
23-Feb-03	0.575
24-Feb-03	0.527778
25-Feb-03	0.43913
26-Feb-03	0.595833
27-Feb-03	0.917391
28-Feb-03	0.845833
1-Mar-03	0.813636
2-Mar-03	0.654167
3-Mar-03	0.486957
4-Mar-03	0.575
5-Mar-03	0.758333
6-Mar-03	0.517391
7-Mar-03	0.608333
8-Mar-03	0.578261
9-Mar-03	0.434783
10-Mar-03	0.491667
11-Mar-03	0.55
12-Mar-03	0.583333
13-Mar-03	0.708333
14-Mar-03	0.483333
15-Mar-03	0.733333
16-Mar-03	0.945455
17-Mar-03	1.369565
18-Mar-03	0.673913
19-Mar-03	0.5
20-Mar-03	0.616667
21-Mar-03	0.5625
22-Mar-03	0.925
23-Mar-03	0.526087
24-Mar-03	0.705556
25-Mar-03	0.540909
26-Mar-03	0.443478
27-Mar-03	0.479167
28-Mar-03	0.686364
29-Mar-03	0.382609
30-Mar-03	0.378261
31-Mar-03	0.379167
1-Apr-03	0.479167
2-Apr-03	0.595833
3-Apr-03	0.65
4-Apr-03	0.547826
5-Apr-03	0.404348
6-Apr-03	0.340909
7-Apr-03	0.475
8-Apr-03	0.608696
9-Apr-03	0.683333
10-Apr-03	0.685714
11-Apr-03	0.578261
12-Apr-03	0.604167
13-Apr-03	0.566667
14-Apr-03	0.654167
15-Apr-03	0.6
16-Apr-03	0.565217
17-Apr-03	0.491304
18-Apr-03	0.479167
19-Apr-03	0.495833
20-Apr-03	0.491304
21-Apr-03	0.57619
22-Apr-03	0.554167
23-Apr-03	0.534783
24-Apr-03	0.431579
25-Apr-03	0.526087
26-Apr-03	0.46087
27-Apr-03	0.479167
28-Apr-03	0.708696
29-Apr-03	0.5125
30-Apr-03	0.427273
1-May-03	0.547826
2-May-03	0.395652
3-May-03	0.379167
4-May-03	0.530435
5-May-03	0.573913
6-May-03	0.545833
7-May-03	0.595652
8-May-03	0.566667
9-May-03	0.581818
10-May-03	0.5375
11-May-03	0.386957
12-May-03	0.4375
13-May-03	0.495652
14-May-03	0.470833
15-May-03	0.833333
16-May-03	0.508333
17-May-03	0.5625
18-May-03	0.831818
19-May-03	0.756522
20-May-03	0.508696
21-May-03	0.540909
22-May-03	0.620833
23-May-03	0.741667
24-May-03	0.645455
25-May-03	0.691667
26-May-03	0.808696
27-May-03	0.85
28-May-03	0.826087
29-May-03	0.665217
30-May-03	0.75
31-May-03	0.765217
1-Jun-03	0.66087
2-Jun-03	0.631818
3-Jun-03	0.630435
4-Jun-03	0.686957
5-Jun-03	0.783333
6-Jun-03	0.75
7-Jun-03	0.926087
8-Jun-03	0.672727
9-Jun-03	0.725
10-Jun-03	0.7
11-Jun-03	0.718182
12-Jun-03	0.8
13-Jun-03	0.634783
14-Jun-03	0.604167
15-Jun-03	0.752174
16-Jun-03	0.4875
17-Jun-03	0.509091
18-Jun-03	0.56875
19-Jun-03	0.695833
20-Jun-03	0.640909
21-Jun-03	0.852174
22-Jun-03	0.552174
23-Jun-03	0.641667
24-Jun-03	0.979167
25-Jun-03	0.7875
26-Jun-03	0.740909
27-Jun-03	0.817391
28-Jun-03	0.569565
29-Jun-03	0.627273
30-Jun-03	0.591667
1-Jul-03	0.552174
2-Jul-03	0.5875
3-Jul-03	0.554167
4-Jul-03	0.520833
5-Jul-03	0.554545
6-Jul-03	0.508696
7-Jul-03	0.654167
8-Jul-03	0.572727
9-Jul-03	0.533333
10-Jul-03	0.55
11-Jul-03	0.545833
12-Jul-03	0.5125
13-Jul-03	0.478261
14-Jul-03	0.566667
15-Jul-03	0.608696
16-Jul-03	0.521739
17-Jul-03	0.481818
18-Jul-03	0.625
19-Jul-03	0.675
20-Jul-03	0.490909
21-Jul-03	0.491304
22-Jul-03	0.566667
23-Jul-03	0.513636
24-Jul-03	0.494444
25-Jul-03	0.482609
26-Jul-03	0.445455
27-Jul-03	0.486957
28-Jul-03	0.378261
29-Jul-03	0.441667
30-Jul-03	0.526087
31-Jul-03	0.483333
1-Aug-03	0.570833
2-Aug-03	0.552174
3-Aug-03	0.708333
4-Aug-03	0.518182
5-Aug-03	0.533333
6-Aug-03	0.513043
7-Aug-03	0.516667
8-Aug-03	0.533333
9-Aug-03	0.565217
10-Aug-03	0.390909
11-Aug-03	0.4625
12-Aug-03	0.447368
13-Aug-03	0.575
14-Aug-03	0.56087
15-Aug-03	0.5875
16-Aug-03	0.495
17-Aug-03	0.4875
18-Aug-03	0.617391
19-Aug-03	0.536364
20-Aug-03	0.5625
21-Aug-03	0.642857
22-Aug-03	0.725
23-Aug-03	0.582609
24-Aug-03	0.430435
25-Aug-03	0.525
26-Aug-03	0.679167
27-Aug-03	0.656522
28-Aug-03	0.572727
29-Aug-03	0.74
30-Aug-03	0.608696
31-Aug-03	0.495833
1-Sep-03	0.595833
2-Sep-03	0.7
3-Sep-03	0.579167
4-Sep-03	0.766667
5-Sep-03	0.708696
6-Sep-03	0.554167
7-Sep-03	0.491304
8-Sep-03	0.445833
9-Sep-03	0.4
10-Sep-03	0.666667
11-Sep-03	0.486957
12-Sep-03	0.483333
13-Sep-03	0.441667
14-Sep-03	0.5375
15-Sep-03	0.690909
16-Sep-03	0.566667
17-Sep-03	0.5875
18-Sep-03	0.647368
19-Sep-03	0.6875
20-Sep-03	0.795833
21-Sep-03	0.654545
22-Sep-03	0.752174
23-Sep-03	0.730435
24-Sep-03	0.547368
25-Sep-03	0.469565
26-Sep-03	0.4
27-Sep-03	0.379167
28-Sep-03	0.45
29-Sep-03	0.369565
30-Sep-03	0.366667
1-Oct-03	0.547826
2-Oct-03	0.426087
3-Oct-03	0.329167
4-Oct-03	0.565217
5-Oct-03	0.35
6-Oct-03	0.458333
7-Oct-03	0.526087
8-Oct-03	0.591667
9-Oct-03	0.733333
10-Oct-03	0.573913
11-Oct-03	0.633333
12-Oct-03	0.563636
13-Oct-03	0.5125
14-Oct-03	0.795652
15-Oct-03	0.4
16-Oct-03	0.429167
17-Oct-03	0.5625
18-Oct-03	0.45
19-Oct-03	0.5625
20-Oct-03	0.682609
21-Oct-03	0.581818
22-Oct-03	0.504348
23-Oct-03	0.495833
24-Oct-03	0.508333
25-Oct-03	0.782609
26-Oct-03	0.413043
27-Oct-03	0.483333
28-Oct-03	0.5125
29-Oct-03	0.486957
30-Oct-03	0.545833
31-Oct-03	0.852381
1-Nov-03	0.7125
2-Nov-03	0.477273
3-Nov-03	0.754167
4-Nov-03	0.508696
5-Nov-03	0.716667
6-Nov-03	0.808696
7-Nov-03	0.745833
8-Nov-03	0.513636
9-Nov-03	0.65
10-Nov-03	0.945833
11-Nov-03	1.172727
12-Nov-03	1.383333
13-Nov-03	0.686957
14-Nov-03	0.6375
15-Nov-03	0.733333
16-Nov-03	0.854167
17-Nov-03	1.4
18-Nov-03	1.421739
19-Nov-03	0.87619
20-Nov-03	0.652941
21-Nov-03	0.579167
22-Nov-03	0.891667
23-Nov-03	0.481818
24-Nov-03	0.982609
25-Nov-03	0.566667
26-Nov-03	0.808333
27-Nov-03	0.908333
28-Nov-03	1
29-Nov-03	0.436364
30-Nov-03	0.525
1-Dec-03	0.620833
2-Dec-03	0.509091
3-Dec-03	0.445833
4-Dec-03	0.6875
5-Dec-03	0.595455
6-Dec-03	0.504348
7-Dec-03	0.447826
8-Dec-03	0.516667
9-Dec-03	1.1
10-Dec-03	1.065217
11-Dec-03	0.668182
12-Dec-03	0.625
13-Dec-03	0.521739
14-Dec-03	0.486364
15-Dec-03	0.4625
16-Dec-03	0.916667
17-Dec-03	0.827273
18-Dec-03	0.525
19-Dec-03	0.654167
20-Dec-03	0.568182
21-Dec-03	0.383333
22-Dec-03	0.705556
23-Dec-03	1.136364
24-Dec-03	0.8375
25-Dec-03	0.804348
26-Dec-03	0.572727
27-Dec-03	0.616667
28-Dec-03	0.9375
29-Dec-03	0.795455
30-Dec-03	0.647826
31-Dec-03	0.670833
1-Jan-04	0.489474
2-Jan-04	0.8
7-Jan-04	0.36
8-Jan-04	0.385714
9-Jan-04	0.356522
10-Jan-04	0.25
11-Jan-04	0.191667
12-Jan-04	0.579167
13-Jan-04	0.40625
14-Jan-04	0.017391
15-Jan-04	0
16-Jan-04	0.0125
17-Jan-04	0.2125
18-Jan-04	0.43913
19-Jan-04	0.072727
20-Jan-04	0.026087
21-Jan-04	0.170833
22-Jan-04	0.413636
23-Jan-04	0.043478
24-Jan-04	0
25-Jan-04	0
26-Jan-04	0.066667
27-Jan-04	0.179167
28-Jan-04	0.240909
29-Jan-04	0.069565
30-Jan-04	0.075
31-Jan-04	0.063636
1-Feb-04	0.016667
2-Feb-04	0.35
3-Feb-04	0.554545
4-Feb-04	0.213043
5-Feb-04	0.083333
6-Feb-04	0.316667
7-Feb-04	0.273913
8-Feb-04	0
9-Feb-04	0.1375
10-Feb-04	0.4375
11-Feb-04	0.178261
12-Feb-04	0.170833
13-Feb-04	0.304167
14-Feb-04	0.173913
15-Feb-04	0.018182
16-Feb-04	0
17-Feb-04	0.125
18-Feb-04	0.168182
19-Feb-04	0.091304
20-Feb-04	0.3625
21-Feb-04	0.318182
22-Feb-04	0.143478
23-Feb-04	0.054167
24-Feb-04	0.118182
25-Feb-04	0.073913
26-Feb-04	0.05
27-Feb-04	0.116667
28-Feb-04	0.166667
29-Feb-04	0.369565
1-Mar-04	0.433333
2-Mar-04	0.36087
3-Mar-04	0.3125
4-Mar-04	0.566667
5-Mar-04	0.826087
6-Mar-04	0.5
7-Mar-04	0.227273
8-Mar-04	0.217391
9-Mar-04	0.291667
10-Mar-04	0.322727
11-Mar-04	0.272222
12-Mar-04	0.421739
13-Mar-04	0.081818
14-Mar-04	0.083333
15-Mar-04	0.191667
16-Mar-04	0.131818
17-Mar-04	0.043478
18-Mar-04	0.091667
19-Mar-04	0.127273
20-Mar-04	0.304348
21-Mar-04	0.230435
22-Mar-04	0.027273
23-Mar-04	0.054167
24-Mar-04	0.383333
25-Mar-04	0.368182
26-Mar-04	0.408333
27-Mar-04	0.408696
28-Mar-04	0.204545
29-Mar-04	0.13913
30-Mar-04	0.16087
31-Mar-04	0.236364
1-Apr-04	0.165217
2-Apr-04	0.241667
3-Apr-04	0.218182
4-Apr-04	0.443478
5-Apr-04	0.134783
6-Apr-04	0.070833
7-Apr-04	0.229167
8-Apr-04	0.35
9-Apr-04	0.254545
10-Apr-04	0
11-Apr-04	0
12-Apr-04	0.018182
13-Apr-04	0.116667
14-Apr-04	0.270833
15-Apr-04	0.009091
16-Apr-04	0.025
17-Apr-04	0.13913
18-Apr-04	0.036364
19-Apr-04	0
20-Apr-04	0.004167
21-Apr-04	0.004545
22-Apr-04	0.025
23-Apr-04	0.021739
24-Apr-04	0
25-Apr-04	0
26-Apr-04	0.304167
27-Apr-04	0.340909
28-Apr-04	0.013043
29-Apr-04	0
30-Apr-04	0.054167
1-May-04	0.017391
2-May-04	0
3-May-04	0.1375
4-May-04	0.004348
5-May-04	0.116667
6-May-04	0.291667
7-May-04	0.182609
8-May-04	0.120833
9-May-04	0.116667
10-May-04	0.330435
11-May-04	0.2
12-May-04	0.4125
13-May-04	0.165217
14-May-04	0.229167
15-May-04	0.158333
16-May-04	0.104348
17-May-04	0.191304
18-May-04	0.15
19-May-04	0.2
20-May-04	0.204348
21-May-04	0.2125
22-May-04	0.173913
23-May-04	0.104348
24-May-04	0.129167
25-May-04	0.113043
26-May-04	0.1625
27-May-04	0.170833
28-May-04	0.345833
29-May-04	0.052174
30-May-04	0.0375
31-May-04	0.152174
1-Jun-04	0.066667
2-Jun-04	0.1875
3-Jun-04	0.108696
4-Jun-04	0.111111
5-Jun-04	0.036364
6-Jun-04	0
7-Jun-04	0.129167
8-Jun-04	0.327273
9-Jun-04	0.204348
10-Jun-04	0.126087
11-Jun-04	0.072727
12-Jun-04	0.052174
13-Jun-04	0
14-Jun-04	0.0875
15-Jun-04	0.1
16-Jun-04	0.204167
17-Jun-04	0.288235
18-Jun-04	0.221739
19-Jun-04	0.069565
20-Jun-04	0
21-Jun-04	0.016667
22-Jun-04	0.15
23-Jun-04	0.104167
24-Jun-04	0.173913
25-Jun-04	0.1
26-Jun-04	0.109091
27-Jun-04	0.004348
28-Jun-04	0.004167
29-Jun-04	0.1125
30-Jun-04	0.073913
1-Jul-04	0.156522
2-Jul-04	0.15
3-Jul-04	0.117391
4-Jul-04	0.16087
5-Jul-04	0.1
6-Jul-04	0.120833
7-Jul-04	0.084211
8-Jul-04	0.195455
9-Jul-04	0.043478
10-Jul-04	0.0125
11-Jul-04	0.05
12-Jul-04	0.073913
13-Jul-04	0.056522
14-Jul-04	0.063636
15-Jul-04	0.154167
16-Jul-04	0.086957
17-Jul-04	0.022727
18-Jul-04	0.117391
19-Jul-04	0.120833
20-Jul-04	0.085
21-Jul-04	0.258333
22-Jul-04	0.165217
23-Jul-04	0.127273
24-Jul-04	0.030435
25-Jul-04	0
26-Jul-04	0.05
27-Jul-04	0
28-Jul-04	0.0875
29-Jul-04	0.183333
30-Jul-04	0.147826
31-Jul-04	0
1-Aug-04	0
2-Aug-04	0.083333
3-Aug-04	0.104348
4-Aug-04	0.054167
5-Aug-04	0.056522
6-Aug-04	0.027273
7-Aug-04	0.090909
8-Aug-04	0
9-Aug-04	0
10-Aug-04	0.033333
11-Aug-04	0
12-Aug-04	0
13-Aug-04	0.079167
14-Aug-04	0.008333
15-Aug-04	0.017391
16-Aug-04	0.004167
17-Aug-04	0.06
18-Aug-04	0.0125
19-Aug-04	0.022727
20-Aug-04	0.091667
21-Aug-04	0.034783
22-Aug-04	0
23-Aug-04	0.016667
24-Aug-04	0.033333
25-Aug-04	0.027273
26-Aug-04	0
27-Aug-04	0
28-Aug-04	0
29-Aug-04	0
30-Aug-04	0
31-Aug-04	0
1-Sep-04	0.004167
2-Sep-04	0
3-Sep-04	0
4-Sep-04	0
5-Sep-04	0
6-Sep-04	0
7-Sep-04	0.041667
8-Sep-04	0.069565
9-Sep-04	0.066667
10-Sep-04	0
11-Sep-04	0.029167
12-Sep-04	0.163636
13-Sep-04	0.0375
14-Sep-04	0
15-Sep-04	0.025
16-Sep-04	0.104167
17-Sep-04	0.052174
18-Sep-04	0
19-Sep-04	0
20-Sep-04	0.025
21-Sep-04	0.241667
22-Sep-04	0.155556
23-Sep-04	0.295833
24-Sep-04	0.427273
25-Sep-04	0.134783
26-Sep-04	0.170833
27-Sep-04	0.418182
28-Sep-04	0.386957
29-Sep-04	0.066667
30-Sep-04	0.308333
17-Nov-04	1.029167
18-Nov-04	0.682609
19-Nov-04	0.382609
20-Nov-04	0.286364
21-Nov-04	0.170833
22-Nov-04	0.404167
23-Nov-04	1.054167
24-Nov-04	0.425
25-Nov-04	0.078261
26-Nov-04	0.291667
27-Nov-04	0.46087
28-Nov-04	0.126087
29-Nov-04	0.3125
30-Nov-04	0.4375
1-Dec-04	0.217391
2-Dec-04	0.305882
3-Dec-04	0.621739
4-Dec-04	0.354167
5-Dec-04	0.295455
6-Dec-04	0.5125
7-Dec-04	0.238095
8-Dec-04	0.304167
9-Dec-04	0.4375
10-Dec-04	0.195652
11-Dec-04	0.404167
12-Dec-04	0.282609
13-Dec-04	0.375
14-Dec-04	0.283333
15-Dec-04	0.3625
16-Dec-04	0.591667
17-Dec-04	0.381818
18-Dec-04	0.5375
19-Dec-04	0.643478
20-Dec-04	0.395455
21-Dec-04	0.5
22-Dec-04	0.916667
23-Dec-04	0.395455
24-Dec-04	0.266667
25-Dec-04	0.4125
26-Dec-04	0.259091
27-Dec-04	0.2875
28-Dec-04	0.504167
29-Dec-04	0.541667
30-Dec-04	0.895833
31-Dec-04	0.565217
1-Jan-05	0.305263
2-Jan-05	0.343478
3-Jan-05	0.475
4-Jan-05	0.568182
5-Jan-05	0.426087
6-Jan-05	0.388889
7-Jan-05	0.470833
8-Jan-05	0.617391
9-Jan-05	0.55
10-Jan-05	0.509091
11-Jan-05	0.520833
12-Jan-05	0.33913
13-Jan-05	0.65
14-Jan-05	0.204167
15-Jan-05	0.395833
16-Jan-05	0.436364
17-Jan-05	0.358333
18-Jan-05	0.5
19-Jan-05	0.708333
20-Jan-05	0.6
21-Jan-05	0.504167
22-Jan-05	0.825
23-Jan-05	0.352174
24-Jan-05	0.575
25-Jan-05	0.55
26-Jan-05	0.508696
27-Jan-05	0.4875
28-Jan-05	0.633333
29-Jan-05	0.86087
30-Jan-05	0.613043
31-Jan-05	0.5875
1-Feb-05	1.679167
2-Feb-05	1.291304
3-Feb-05	0.740909
4-Feb-05	0.508333
5-Feb-05	0.729167
6-Feb-05	0.418182
7-Feb-05	1.520833
8-Feb-05	0.821053
9-Feb-05	0.945833
10-Feb-05	0.552174
11-Feb-05	0.486957
12-Feb-05	0.527273
13-Feb-05	0.456522
14-Feb-05	0.626087
15-Feb-05	0.4875
16-Feb-05	0.6
17-Feb-05	0.4625
18-Feb-05	0.5
19-Feb-05	0.5
20-Feb-05	0.469565
21-Feb-05	0.409091
22-Feb-05	0.5125
23-Feb-05	0.382609
24-Feb-05	0.418182
25-Feb-05	0.3875
26-Feb-05	0.53913
27-Feb-05	0.425
28-Feb-05	0.438095
1-Mar-05	0.320833
2-Mar-05	0.345455
3-Mar-05	0.3875
4-Mar-05	0.456522
5-Mar-05	0.458333
6-Mar-05	0.313043
7-Mar-05	0.334783
8-Mar-05	0.341667
9-Mar-05	0.361111
10-Mar-05	0.4625
11-Mar-05	0.613636
12-Mar-05	0.495652
13-Mar-05	0.317391
14-Mar-05	0.318182
15-Mar-05	0.282609
16-Mar-05	0.320833
17-Mar-05	0.441667
18-Mar-05	0.478261
19-Mar-05	0.333333
20-Mar-05	0.340909
21-Mar-05	0.4
22-Mar-05	0.395652
23-Mar-05	0.368182
24-Mar-05	0.3
25-Mar-05	0.286957
26-Mar-05	0.3
27-Mar-05	0.295652
28-Mar-05	0.345833
29-Mar-05	0.231818
30-Mar-05	0.355556
31-Mar-05	0.356522
1-Apr-05	0.345455
2-Apr-05	0.186957
3-Apr-05	0.116667
4-Apr-05	0.266667
5-Apr-05	0.25
6-Apr-05	0.3875
7-Apr-05	0.3
8-Apr-05	0.208333
9-Apr-05	0.258333
10-Apr-05	0.272727
11-Apr-05	0.208696
12-Apr-05	0.234783
13-Apr-05	0.275
14-Apr-05	0.213043
15-Apr-05	0.2375
16-Apr-05	0.413636
17-Apr-05	0.333333
18-Apr-05	0.252174
19-Apr-05	0.35
20-Apr-05	0.173913
21-Apr-05	0.1625
22-Apr-05	0.318182
23-Apr-05	0.165217
24-Apr-05	0.0625
25-Apr-05	0.163636
26-Apr-05	0.180952
27-Apr-05	0.134783
28-Apr-05	0.1
29-Apr-05	0.133333
30-Apr-05	0.234783
1-May-05	0.058333
2-May-05	0.121739
3-May-05	0.1375
4-May-05	0.213636
5-May-05	0.170833
6-May-05	0.252174
7-May-05	0.016667
8-May-05	0
9-May-05	0.065217
10-May-05	0.075
11-May-05	0.063636
12-May-05	0.0375
13-May-05	0.116667
14-May-05	0.2
15-May-05	0.013043
16-May-05	0.1125
17-May-05	0.079167
18-May-05	0.086957
19-May-05	0.113636
20-May-05	0.16087
21-May-05	0.082609
22-May-05	0
23-May-05	0.043478
24-May-05	0.02
25-May-05	0
26-May-05	0.058333
27-May-05	0.158333
28-May-05	0.063636
29-May-05	0.0875
30-May-05	0.116667
31-May-05	0.118182
1-Jun-05	0.016667
2-Jun-05	0.034783
3-Jun-05	0
4-Jun-05	0.058333
5-Jun-05	0.069565
6-Jun-05	0.020833
7-Jun-05	0.02
8-Jun-05	0.004348
9-Jun-05	0.058333
10-Jun-05	0.017391
11-Jun-05	0
12-Jun-05	0
13-Jun-05	0
14-Jun-05	0
15-Jun-05	0
16-Jun-05	0
17-Jun-05	0
18-Jun-05	0
19-Jun-05	0
20-Jun-05	0.021739
21-Jun-05	0
22-Jun-05	0.020833
23-Jun-05	0
24-Jun-05	0.0875
25-Jun-05	0.16087
26-Jun-05	0.121429
27-Jun-05	0.3
28-Jun-05	0.147826
29-Jun-05	0.169565
30-Jun-05	0.1625
1-Jul-05	0.220833
2-Jul-05	0.1
3-Jul-05	0.141667
4-Jul-05	0.221739
5-Jul-05	0.169565
6-Jul-05	0.1625
7-Jul-05	0.129167
8-Jul-05	0.108696
9-Jul-05	0.079167
10-Jul-05	0.058333
11-Jul-05	0.113043
12-Jul-05	0.113636
13-Jul-05	0.130435
14-Jul-05	0.055
15-Jul-05	0.129167
16-Jul-05	0.152174
17-Jul-05	0.020833
18-Jul-05	0.104167
19-Jul-05	0.066667
20-Jul-05	0.029167
21-Jul-05	0.095833
22-Jul-05	0.1
23-Jul-05	0.004348
24-Jul-05	0.033333
25-Jul-05	0.0625
26-Jul-05	0.095652
27-Jul-05	0.081818
28-Jul-05	0.05
29-Jul-05	0.1125
30-Jul-05	0.086364
31-Jul-05	0.013043
1-Aug-05	0.095833
2-Aug-05	0.154545
3-Aug-05	0.0625
4-Aug-05	0.052174
5-Aug-05	0.033333
6-Aug-05	0.0125
7-Aug-05	0.013043
8-Aug-05	0.045455
9-Aug-05	0
10-Aug-05	0
11-Aug-05	0.0125
12-Aug-05	0.091667
13-Aug-05	0.0125
14-Aug-05	0.072727
15-Aug-05	0.030435
16-Aug-05	0
17-Aug-05	0
18-Aug-05	0
19-Aug-05	0.029167
20-Aug-05	0.016667
21-Aug-05	0
22-Aug-05	0.020833
23-Aug-05	0.022222
24-Aug-05	0.009524
25-Aug-05	0.025
26-Aug-05	0.1
27-Aug-05	0.026087
28-Aug-05	0
29-Aug-05	0
30-Aug-05	0
31-Aug-05	0
1-Sep-05	0
2-Sep-05	0.016667
3-Sep-05	0.004348
4-Sep-05	0.0125
5-Sep-05	0.0375
6-Sep-05	0.105
7-Sep-05	0.020833
8-Sep-05	0.033333
9-Sep-05	0.045833
10-Sep-05	0.054167
11-Sep-05	0
12-Sep-05	0.020833
13-Sep-05	0.0875
14-Sep-05	0
15-Sep-05	0.054167
16-Sep-05	0.009091
17-Sep-05	0
18-Sep-05	0
19-Sep-05	0.025
20-Sep-05	0
21-Sep-05	0
22-Sep-05	0.031818
23-Sep-05	0
24-Sep-05	0.033333
25-Sep-05	0.018182
26-Sep-05	0
27-Sep-05	0
28-Sep-05	0.033333
29-Sep-05	0
30-Sep-05	0.041667
1-Oct-05	0.3375
2-Oct-05	0.379167
3-Oct-05	0.756522
4-Oct-05	0.340909
5-Oct-05	0.356522
6-Oct-05	0.18
7-Oct-05	0.220833
8-Oct-05	0.2
9-Oct-05	0.126087
10-Oct-05	0.1875
11-Oct-05	0.213636
12-Oct-05	0.120833
13-Oct-05	0.133333
14-Oct-05	0.1375
15-Oct-05	0.108333
16-Oct-05	0.131818
20-Oct-05	0.241667
21-Oct-05	0.525
22-Oct-05	0.336364
23-Oct-05	0.116667
26-Oct-05	0.225
27-Oct-05	0.286957
28-Oct-05	0.308333
29-Oct-05	0.375
30-Oct-05	0.230435
31-Oct-05	0.479167
1-Nov-05	0.456522
2-Nov-05	0.241667
3-Nov-05	0.313636
8-Nov-05	0.317391
9-Nov-05	0.366667
10-Nov-05	0.265217
11-Nov-05	0.354167
12-Nov-05	0.6875
13-Nov-05	0.365217
14-Nov-05	0.275
15-Nov-05	0.341667
16-Nov-05	0.269565
17-Nov-05	0.25
18-Nov-05	0.4625
19-Nov-05	0.654167
20-Nov-05	0.513043
21-Nov-05	0.554545
22-Nov-05	0.282609
23-Nov-05	0.3875
24-Nov-05	0.427273
25-Nov-05	0.445833
26-Nov-05	0.63913
27-Nov-05	0.681818
28-Nov-05	0.833333
29-Nov-05	0.273913
30-Nov-05	0.183333
1-Dec-05	0.279167
2-Dec-05	0.354167
3-Dec-05	0.366667
4-Dec-05	0.4625
5-Dec-05	0.554167
6-Dec-05	0.513636
7-Dec-05	0.411765
8-Dec-05	0.541667
9-Dec-05	0.6
10-Dec-05	0.508333
11-Dec-05	0.726087
12-Dec-05	0.883333
20-Dec-05	0.428571
21-Dec-05	0.347368
22-Dec-05	0.391304
23-Dec-05	0.433333
24-Dec-05	0.6125
25-Dec-05	1.291304
26-Dec-05	0.408696
27-Dec-05	0.231818
28-Dec-05	0.525
29-Dec-05	0.520833
30-Dec-05	0.318182
31-Dec-05	0.325
1-Jan-06	0.3
2-Jan-06	0.666667
3-Jan-06	0.242857
4-Jan-06	0.3125
5-Jan-06	0.5625
6-Jan-06	0.530435
7-Jan-06	0.308333
8-Jan-06	0.729167
9-Jan-06	0.83913
10-Jan-06	0.513043
11-Jan-06	0.463636
12-Jan-06	0.504167
13-Jan-06	0.573913
14-Jan-06	0.395833
15-Jan-06	0.269565
16-Jan-06	0.3
17-Jan-06	0.454167
18-Jan-06	0.308696
19-Jan-06	0.395833
20-Jan-06	0.445833
21-Jan-06	0.4
22-Jan-06	0.345833
23-Jan-06	0.563636
24-Jan-06	0.6625
25-Jan-06	0.621053
26-Jan-06	0.372727
27-Jan-06	0.429167
28-Jan-06	0.491667
29-Jan-06	0.729167
30-Jan-06	0.5
31-Jan-06	0.443478
1-Feb-06	0.475
2-Feb-06	0.679167
3-Feb-06	0.595652
4-Feb-06	0.668182
5-Feb-06	0.534783
6-Feb-06	0.470833
7-Feb-06	0.481818
8-Feb-06	0.490476
9-Feb-06	0.516667
10-Feb-06	0.527273
11-Feb-06	0.526087
12-Feb-06	0.441667
13-Feb-06	0.575
14-Feb-06	0.616667
15-Feb-06	0.666667
16-Feb-06	1.020833
17-Feb-06	0.495652
18-Feb-06	0.491304
19-Feb-06	0.516667
20-Feb-06	0.633333
21-Feb-06	0.830435
22-Feb-06	0.744444
23-Feb-06	0.934783
24-Feb-06	0.56087
25-Feb-06	0.625
26-Feb-06	0.517391
27-Feb-06	0.595833
28-Feb-06	0.672727
1-Mar-06	0.6375
2-Mar-06	0.743478
3-Mar-06	0.581818
4-Mar-06	0.6
5-Mar-06	0.6
6-Mar-06	0.691667
7-Mar-06	0.8
8-Mar-06	0.756522
9-Mar-06	0.8125
10-Mar-06	0.782609
11-Mar-06	0.654167
12-Mar-06	0.872727
13-Mar-06	1.079167
14-Mar-06	0.55
15-Mar-06	0.3
16-Mar-06	0.279167
17-Mar-06	0.278261
18-Mar-06	0.3
19-Mar-06	0.241667
20-Mar-06	0.270833
21-Mar-06	0.333333
22-Mar-06	0.308333
23-Mar-06	0.325
24-Mar-06	0.36
25-Mar-06	0.313043
26-Mar-06	0.308333
27-Mar-06	0.320833
28-Mar-06	0.4375
29-Mar-06	0.504167
30-Mar-06	0.45
31-Mar-06	0.447826
1-Apr-06	0.413043
2-Apr-06	0.3125
3-Apr-06	0.5
4-Apr-06	0.370833
5-Apr-06	0.5375
6-Apr-06	0.4
7-Apr-06	0.475
8-Apr-06	0.422727
9-Apr-06	0.4
10-Apr-06	0.417391
11-Apr-06	0.629167
12-Apr-06	0.46087
13-Apr-06	0.429167
14-Apr-06	0.608333
15-Apr-06	0.43913
16-Apr-06	0.33913
17-Apr-06	0.429167
18-Apr-06	0.395833
19-Apr-06	0.37
20-Apr-06	0.418182
21-Apr-06	0.408333
22-Apr-06	0.43913
23-Apr-06	0.379167
24-Apr-06	0.525
25-Apr-06	0.469565
26-Apr-06	0.416667
27-Apr-06	0.4875
28-Apr-06	0.466667
29-Apr-06	0.477273
30-Apr-06	0.526087
1-May-06	0.4
2-May-06	0.40625
3-May-06	0.495652
4-May-06	0.520833
5-May-06	0.563636
6-May-06	0.469565
7-May-06	0.420833
8-May-06	0.481818
9-May-06	0.421739
10-May-06	0.483333
11-May-06	0.518182
12-May-06	0.445833
13-May-06	0.466667
14-May-06	0.395455
15-May-06	0.4875
16-May-06	0.55
17-May-06	0.558333
18-May-06	0.53913
19-May-06	0.575
20-May-06	0.440909
21-May-06	0.404167
22-May-06	0.386957
23-May-06	0.395455
24-May-06	0.433333
25-May-06	0.604348
26-May-06	0.595833
27-May-06	0.683333
28-May-06	0.556522
29-May-06	0.629167
30-May-06	0.565217
31-May-06	0.5
1-Jun-06	0.491667
2-Jun-06	0.547826
3-Jun-06	0.465217
4-Jun-06	0.4
5-Jun-06	0.45
6-Jun-06	0.526087
7-Jun-06	0.372222
8-Jun-06	0.4625
9-Jun-06	0.6
10-Jun-06	0.5
11-Jun-06	0.330435
12-Jun-06	0.445833
13-Jun-06	0.518182
14-Jun-06	0.527273
15-Jun-06	0.456522
16-Jun-06	0.475
17-Jun-06	0.434783
18-Jun-06	0.525
19-Jun-06	0.595455
20-Jun-06	0.529167
21-Jun-06	0.466667
22-Jun-06	0.554545
23-Jun-06	0.683333
24-Jun-06	0.652174
25-Jun-06	0.590909
26-Jun-06	0.543478
27-Jun-06	0.479167
28-Jun-06	0.554167
29-Jun-06	0.569565
30-Jun-06	0.556522
1-Jul-06	0.504545
2-Jul-06	0.521739
3-Jul-06	0.565217
5-Jul-06	0.620833
6-Jul-06	0.6
7-Jul-06	0.477273
8-Jul-06	0.608333
9-Jul-06	0.534783
10-Jul-06	0.545833
11-Jul-06	0.575
12-Jul-06	0.679167
13-Jul-06	0.625
14-Jul-06	0.591304
15-Jul-06	0.629167
16-Jul-06	0.704167
17-Jul-06	0.643478
18-Jul-06	0.595238
19-Jul-06	0.440909
20-Jul-06	0.429167
21-Jul-06	0.545833
22-Jul-06	0.666667
23-Jul-06	0.516667
24-Jul-06	0.491304
25-Jul-06	0.531818
26-Jul-06	0.520833
27-Jul-06	0.504762
28-Jul-06	0.527273
29-Jul-06	0.4625
30-Jul-06	0.441667
31-Jul-06	0.563636
1-Aug-06	0.591304
2-Aug-06	0.552174
3-Aug-06	0.536364
4-Aug-06	0.5875
5-Aug-06	0.565217
6-Aug-06	0.427273
7-Aug-06	0.5
8-Aug-06	0.495652
9-Aug-06	0.470833
10-Aug-06	0.482609
11-Aug-06	0.417391
12-Aug-06	0.375
13-Aug-06	0.404167
14-Aug-06	0.478947
15-Aug-06	0.5625
16-Aug-06	0.579167
17-Aug-06	0.595652
18-Aug-06	0.590909
19-Aug-06	0.558333
20-Aug-06	0.56087
21-Aug-06	0.559091
22-Aug-06	0.56087
23-Aug-06	0.579167
24-Aug-06	0.513636
25-Aug-06	0.591667
26-Aug-06	0.554167
27-Aug-06	0.654545
28-Aug-06	0.573913
29-Aug-06	0.545833
30-Aug-06	0.65
31-Aug-06	0.575
1-Sep-06	0.595652
2-Sep-06	0.5
3-Sep-06	0.520833
4-Sep-06	0.520833
5-Sep-06	0.590909
6-Sep-06	0.65
7-Sep-06	0.485
8-Sep-06	0.418182
9-Sep-06	0.278261
10-Sep-06	0.1375
11-Sep-06	0.127273
12-Sep-06	0.216667
13-Sep-06	0.25
18-Sep-06	0.317391
19-Sep-06	0.286957
20-Sep-06	0.220833
21-Sep-06	0.141176
22-Sep-06	0.229167
23-Sep-06	0.263636
24-Sep-06	0.26087
25-Sep-06	0.266667
26-Sep-06	0.259091
27-Sep-06	0.358333
28-Sep-06	0.369565
29-Sep-06	0.275
30-Sep-06	0.229167
1-Oct-06	0.16087
2-Oct-06	0.254545
3-Oct-06	0.329167
4-Oct-06	0.547826
5-Oct-06	0.195455
6-Oct-06	0.191304
7-Oct-06	0.2125
8-Oct-06	0.404545
9-Oct-06	0.320833
10-Oct-06	0.286957
11-Oct-06	0.225
12-Oct-06	0.366667
13-Oct-06	0.282609
14-Oct-06	0.336364
15-Oct-06	0.191667
16-Oct-06	0.304348
17-Oct-06	0.504167
18-Oct-06	0.316667
19-Oct-06	0.433333
20-Oct-06	0.472727
21-Oct-06	0.217391
22-Oct-06	0.254167
23-Oct-06	0.35
24-Oct-06	0.256522
25-Oct-06	0.26087
26-Oct-06	0.283333
27-Oct-06	0.366667
28-Oct-06	0.295652
29-Oct-06	0.209091
30-Oct-06	0.275
31-Oct-06	0.416667
1-Nov-06	0.541667
2-Nov-06	0.471429
3-Nov-06	0.391667
4-Nov-06	0.378261
5-Nov-06	0.5625
6-Nov-06	0.779167
7-Nov-06	0.973913
8-Nov-06	0.604167
9-Nov-06	0.525
10-Nov-06	0.4875
11-Nov-06	0.675
12-Nov-06	0.508333
13-Nov-06	0.178947
14-Nov-06	0.129167
15-Nov-06	0.158333
16-Nov-06	0.217391
17-Nov-06	0.0875
18-Nov-06	0.033333
19-Nov-06	0.008696
20-Nov-06	0
21-Nov-06	0.154167
22-Nov-06	0.304545
23-Nov-06	0
24-Nov-06	0.075
25-Nov-06	0.158333
26-Nov-06	0.225
27-Nov-06	0.520833
28-Nov-06	0.156522
29-Nov-06	0.329167
30-Nov-06	0.116667
1-Dec-06	0.104167
2-Dec-06	0.030435
3-Dec-06	0.075
4-Dec-06	0.213636
5-Dec-06	0.175
6-Dec-06	0.265217
7-Dec-06	0.258333
8-Dec-06	0.130435
9-Dec-06	0.178261
10-Dec-06	0.1875
11-Dec-06	0.32
12-Dec-06	0.254167
13-Dec-06	0.277273
14-Dec-06	0.345833
15-Dec-06	0.286957
16-Dec-06	0.172727
17-Dec-06	0.2125
18-Dec-06	0.365217
19-Dec-06	0.183333
20-Dec-06	0.286957
21-Dec-06	0.273913
22-Dec-06	0.3
23-Dec-06	0.275
24-Dec-06	0.182609
25-Dec-06	0.283333
26-Dec-06	0.265217
27-Dec-06	0.2
28-Dec-06	0.329167
29-Dec-06	0.230435
30-Dec-06	0.378261
31-Dec-06	0.45
1-Jan-07	0.384211
2-Jan-07	0.290476
3-Jan-07	0.272727
4-Jan-07	0.4125
5-Jan-07	0.317391
6-Jan-07	0.245455
7-Jan-07	0.270833
8-Jan-07	0.347826
9-Jan-07	0.2
10-Jan-07	0.26087
11-Jan-07	0.304167
12-Jan-07	0.3
13-Jan-07	0.365217
14-Jan-07	0.2125
15-Jan-07	0.283333
16-Jan-07	0.36
17-Jan-07	0.275
18-Jan-07	0.5
19-Jan-07	0.413043
20-Jan-07	0.278261
21-Jan-07	0.25
22-Jan-07	0.416667
23-Jan-07	0.4125
24-Jan-07	0.536364
25-Jan-07	0.343478
26-Jan-07	0.366667
27-Jan-07	0.504167
28-Jan-07	0.504348
29-Jan-07	0.370833
30-Jan-07	0.520833
31-Jan-07	0.5
1-Feb-07	0.4875
2-Feb-07	0.691667
3-Feb-07	0.469565
4-Feb-07	0.408333
5-Feb-07	0.486364
6-Feb-07	0.530435
7-Feb-07	0.478261
8-Feb-07	0.457143
9-Feb-07	0.491304
10-Feb-07	0.478261
11-Feb-07	0.509091
12-Feb-07	0.5
13-Feb-07	0.4375
14-Feb-07	0.468182
15-Feb-07	0.47619
16-Feb-07	0.456522
17-Feb-07	0.520833
18-Feb-07	0.53913
19-Feb-07	0.425
20-Feb-07	0.620833
21-Feb-07	0.643478
22-Feb-07	0.795652
23-Feb-07	0.522727
24-Feb-07	0.456522
25-Feb-07	0.591667
26-Feb-07	0.7
27-Feb-07	0.728571
28-Feb-07	0.8625
1-Mar-07	0.663636
2-Mar-07	0.66087
3-Mar-07	0.752174
4-Mar-07	0.527273
5-Mar-07	0.380952
6-Mar-07	0.245833
7-Mar-07	0.325
8-Mar-07	0.295652
9-Mar-07	0.354167
10-Mar-07	0.372727
11-Mar-07	0.243478
12-Mar-07	0.333333
13-Mar-07	0.4375
14-Mar-07	0.354545
15-Mar-07	0.347826
16-Mar-07	0.268182
17-Mar-07	0.320833
18-Mar-07	0.273913
19-Mar-07	0.329167
20-Mar-07	0.265217
21-Mar-07	0.325
22-Mar-07	0.309091
23-Mar-07	0.345833
24-Mar-07	0.295652
25-Mar-07	0.320833
26-Mar-07	0.390909
27-Mar-07	0.5
28-Mar-07	0.268182
29-Mar-07	0.245833
30-Mar-07	0.321739
31-Mar-07	0.354167
1-Apr-07	0.408696
2-Apr-07	0.275
3-Apr-07	0.325
4-Apr-07	0.295652
5-Apr-07	0.275
6-Apr-07	0.3625
7-Apr-07	0.304348
8-Apr-07	0.273913
9-Apr-07	0.26
10-Apr-07	0.213043
11-Apr-07	0.258333
12-Apr-07	0.309091
13-Apr-07	0.226087
14-Apr-07	0.204167
15-Apr-07	0.209091
16-Apr-07	0.269565
17-Apr-07	0.283333
18-Apr-07	0.3625
19-Apr-07	0.304348
20-Apr-07	0.4375
21-Apr-07	0.459091
22-Apr-07	0.430435
23-Apr-07	0.308696
24-Apr-07	0.322727
25-Apr-07	0.354167
26-Apr-07	0.308333
27-Apr-07	0.345833
28-Apr-07	0.425
29-Apr-07	0.282609
30-Apr-07	0.4125
1-May-07	0.4
2-May-07	0.290909
3-May-07	0.216667
4-May-07	0.216667
5-May-07	0.3375
6-May-07	0.291667
7-May-07	0.408696
8-May-07	0.283333
9-May-07	0.318182
10-May-07	0.3375
11-May-07	0.375
12-May-07	0.340909
13-May-07	0.304348
14-May-07	0.325
15-May-07	0.395833
16-May-07	0.421739
17-May-07	0.36087
18-May-07	0.366667
19-May-07	0.3875
20-May-07	0.4
21-May-07	0.313636
22-May-07	0.395652
23-May-07	0.365217
24-May-07	0.383333
25-May-07	0.486957
26-May-07	0.4375
27-May-07	0.413636
28-May-07	0.408696
29-May-07	0.33913
30-May-07	0.383333
31-May-07	0.366667
1-Jun-07	0.479167
2-Jun-07	0.531818
3-Jun-07	0.382609
4-Jun-07	0.375
5-Jun-07	0.445833
6-Jun-07	0.272727
7-Jun-07	0.329167
8-Jun-07	0.470833
9-Jun-07	0.404348
10-Jun-07	0.354167
11-Jun-07	0.363636
12-Jun-07	0.36087
13-Jun-07	0.286957
14-Jun-07	0.304167
15-Jun-07	0.358333
16-Jun-07	0.421739
17-Jun-07	0.390909
18-Jun-07	0.4
19-Jun-07	0.465217
20-Jun-07	0.408333
21-Jun-07	0.317391
22-Jun-07	0.308696
23-Jun-07	0.272727
24-Jun-07	0.266667
25-Jun-07	0.35
26-Jun-07	0.379167
27-Jun-07	0.473913
28-Jun-07	0.408696
29-Jun-07	0.379167
30-Jun-07	0.345833
1-Jul-07	0.230435
2-Jul-07	0.25
3-Jul-07	0.333333
4-Jul-07	0.316667
5-Jul-07	0.379167
6-Jul-07	0.420833
7-Jul-07	0.33913
8-Jul-07	0.368182
9-Jul-07	0.452174
10-Jul-07	0.454167
11-Jul-07	0.409091
12-Jul-07	0.395455
13-Jul-07	0.365217
14-Jul-07	0.359091
15-Jul-07	0.316667
16-Jul-07	0.3625
17-Jul-07	0.463636
18-Jul-07	0.478261
19-Jul-07	0.473913
20-Jul-07	0.363636
21-Jul-07	0.3
22-Jul-07	0.243478
23-Jul-07	0.254545
24-Jul-07	0.2625
25-Jul-07	0.316667
26-Jul-07	0.313636
27-Jul-07	0.356522
28-Jul-07	0.308333
29-Jul-07	0.35
30-Jul-07	0.482609
31-Jul-07	0.408333
1-Aug-07	0.361111
2-Aug-07	0.341667
3-Aug-07	0.3875
4-Aug-07	0.295455
5-Aug-07	0.173913
6-Aug-07	0.304167
7-Aug-07	0.3625
8-Aug-07	0.378261
9-Aug-07	0.217391
10-Aug-07	0.245833
11-Aug-07	0.247826
12-Aug-07	0.283333
13-Aug-07	0.354545
14-Aug-07	0.234783
15-Aug-07	0.245833
16-Aug-07	0.35
17-Aug-07	0.326087
18-Aug-07	0.134783
19-Aug-07	0.1625
20-Aug-07	0.281818
21-Aug-07	0.278261
22-Aug-07	0.186364
23-Aug-07	0.245833
24-Aug-07	0.247826
25-Aug-07	0.366667
26-Aug-07	0.295652
27-Aug-07	0.291667
28-Aug-07	0.5
29-Aug-07	0.278261
30-Aug-07	0.304167
31-Aug-07	0.3375
1-Sep-07	0.191304
2-Sep-07	0.183333
3-Sep-07	0.216667
4-Sep-07	0.23913
5-Sep-07	0.191304
6-Sep-07	0.233333
7-Sep-07	0.275
8-Sep-07	0.275
9-Sep-07	0.236364
10-Sep-07	0.256522
11-Sep-07	0.333333
12-Sep-07	0.213636
13-Sep-07	0.2375
14-Sep-07	0.304348
15-Sep-07	0.25
16-Sep-07	0.1875
17-Sep-07	0.321739
18-Sep-07	0.272222
19-Sep-07	0.347826
20-Sep-07	0.366667
21-Sep-07	0.568182
22-Sep-07	0.295652
23-Sep-07	0.226087
24-Sep-07	0.225
25-Sep-07	0.304167
26-Sep-07	0.356522
27-Sep-07	0.3875
28-Sep-07	0.2875
29-Sep-07	0.204348
30-Sep-07	0.190909
1-Oct-07	0.25
2-Oct-07	0.416667
3-Oct-07	0.377273
4-Oct-07	0.408333
5-Oct-07	0.526087
6-Oct-07	0.429167
7-Oct-07	0.304348
8-Oct-07	0.334783
9-Oct-07	0.272727
10-Oct-07	0.25
11-Oct-07	0.243478
12-Oct-07	0.291667
13-Oct-07	0.225
14-Oct-07	0.182609
15-Oct-07	0.308333
16-Oct-07	0.3125
17-Oct-07	0.586957
18-Oct-07	0.591667
19-Oct-07	0.534783
20-Oct-07	0.352174
21-Oct-07	0.313636
22-Oct-07	0.545833
23-Oct-07	0.604348
24-Oct-07	0.636364
25-Oct-07	0.575
26-Oct-07	0.686957
27-Oct-07	0.620833
28-Oct-07	0.330435
29-Oct-07	0.383333
30-Oct-07	0.525
31-Oct-07	0.53913
1-Nov-07	0.308696
2-Nov-07	0.358333
3-Nov-07	0.252174
4-Nov-07	0.329167
5-Nov-07	0.736364
6-Nov-07	0.476471
7-Nov-07	0.378261
8-Nov-07	0.495833
9-Nov-07	0.578261
10-Nov-07	0.313043
11-Nov-07	0.318182
12-Nov-07	0.5
13-Nov-07	0.591667
14-Nov-07	0.6
15-Nov-07	0.395652
16-Nov-07	0.356522
17-Nov-07	0.345833
18-Nov-07	0.334783
19-Nov-07	0.3625
20-Nov-07	0.670833
21-Nov-07	0.666667
22-Nov-07	0.777273
26-Nov-07	0.677778
27-Nov-07	0.226316
28-Nov-07	0.15
29-Nov-07	0.180952
30-Nov-07	0.108696
1-Dec-07	0.008696
2-Dec-07	0.070833
3-Dec-07	0.108696
4-Dec-07	0
5-Dec-07	0.070833
6-Dec-07	0.079167
7-Dec-07	0.213043
8-Dec-07	0.1
9-Dec-07	0.029167
10-Dec-07	0.05
11-Dec-07	0.131818
12-Dec-07	0.019048
13-Dec-07	0.054167
14-Dec-07	0.059091
15-Dec-07	0
16-Dec-07	0
17-Dec-07	0
18-Dec-07	0.079167
19-Dec-07	0.866667
20-Dec-07	0.295455
21-Dec-07	0.23913
22-Dec-07	0.295833
23-Dec-07	0.618182
24-Dec-07	0.183333
25-Dec-07	0.216667
26-Dec-07	0.365
27-Dec-07	0.2
28-Dec-07	0.283333
29-Dec-07	0.322727
30-Dec-07	0.221739
31-Dec-07	0.147826
1-Jan-08	0.318182
2-Jan-08	0.104762
3-Jan-08	0
4-Jan-08	0.095833
5-Jan-08	0.13913
6-Jan-08	0.129167
7-Jan-08	0.281818
8-Jan-08	0.121739
9-Jan-08	0
10-Jan-08	0.0375
11-Jan-08	0.220833
12-Jan-08	0.06087
13-Jan-08	0
14-Jan-08	0
15-Jan-08	0.083333
16-Jan-08	0
17-Jan-08	0.279167
18-Jan-08	0.343478
19-Jan-08	0.245833
20-Jan-08	0.165217
21-Jan-08	0.204167
22-Jan-08	0.285714
23-Jan-08	0.247059
24-Jan-08	0.221739
25-Jan-08	0.225
26-Jan-08	0.25
27-Jan-08	0.173913
28-Jan-08	0.125
29-Jan-08	0.320833
30-Jan-08	0.195238
31-Jan-08	0.216667
1-Feb-08	0.172727
2-Feb-08	0.125
3-Feb-08	0.1125
4-Feb-08	0.240909
5-Feb-08	0.266667
6-Feb-08	0.273913
7-Feb-08	0.083333
8-Feb-08	0.154167
9-Feb-08	0.178261
10-Feb-08	0.070833
11-Feb-08	0.025
12-Feb-08	0.091667
13-Feb-08	0.366667
14-Feb-08	0.033333
15-Feb-08	0.065217
16-Feb-08	0
17-Feb-08	0.104348
18-Feb-08	0
19-Feb-08	0
20-Feb-08	0
21-Feb-08	0
22-Feb-08	0.025
23-Feb-08	0.020833
24-Feb-08	0.026087
25-Feb-08	0.077273
26-Feb-08	0.213043
27-Feb-08	0.026087
28-Feb-08	0
29-Feb-08	0
1-Mar-08	0.017391
2-Mar-08	0
3-Mar-08	0.021739
4-Mar-08	0
5-Mar-08	0.025
6-Mar-08	0.141667
7-Mar-08	0.373913
8-Mar-08	0.240909
9-Mar-08	0.130435
10-Mar-08	0.179167
11-Mar-08	0.229167
12-Mar-08	0.23913
13-Mar-08	0.195833
14-Mar-08	0.3
15-Mar-08	0.147826
16-Mar-08	0.141667
17-Mar-08	0.1
18-Mar-08	0.195833
19-Mar-08	0.245833
20-Mar-08	0.181818
21-Mar-08	0.1
22-Mar-08	0.095652
23-Mar-08	0.1
24-Mar-08	0.170833
25-Mar-08	0.157143
26-Mar-08	0.1
27-Mar-08	0.166667
28-Mar-08	0.134783
29-Mar-08	0.016667
30-Mar-08	0.05
31-Mar-08	0.2
1-Apr-08	0.040909
2-Apr-08	0
3-Apr-08	0.1375
4-Apr-08	0.279167
5-Apr-08	0.25
6-Apr-08	0.204545
7-Apr-08	0.191667
8-Apr-08	0.217391
9-Apr-08	0.4125
10-Apr-08	0.195652
11-Apr-08	0.254167
12-Apr-08	0.290909
13-Apr-08	0.173913
14-Apr-08	0.171429
15-Apr-08	0.170833
16-Apr-08	0.258333
17-Apr-08	0.277273
18-Apr-08	0.3
19-Apr-08	0.413043
20-Apr-08	0.109091
21-Apr-08	0.104167
22-Apr-08	0.26087
23-Apr-08	0.145833
24-Apr-08	0.1
25-Apr-08	0.1375
26-Apr-08	0.090909
27-Apr-08	0.069565
28-Apr-08	0.143478
29-Apr-08	0.122727
30-Apr-08	0.1
1-May-08	0.129167
2-May-08	0.136364
3-May-08	0.06087
4-May-08	0.0375
5-May-08	0.129167
6-May-08	0.169565
7-May-08	0.030435
8-May-08	0.045455
9-May-08	0.034783
10-May-08	0.004167
11-May-08	0.031818
12-May-08	0
13-May-08	0.041667
14-May-08	0.152632
15-May-08	0.047619
16-May-08	0.054167
17-May-08	0.016667
18-May-08	0.004348
19-May-08	0
20-May-08	0.018182
21-May-08	0
22-May-08	0
23-May-08	0
24-May-08	0
25-May-08	0
26-May-08	0
27-May-08	0
28-May-08	0
29-May-08	0
30-May-08	0
31-May-08	0
1-Jun-08	0
2-Jun-08	0.0125
3-Jun-08	0
4-Jun-08	0.138889
5-Jun-08	0.2125
6-Jun-08	0.304545
7-Jun-08	0.179167
8-Jun-08	0.121739
9-Jun-08	0.166667
10-Jun-08	0.304348
11-Jun-08	0.1125
12-Jun-08	0.1
13-Jun-08	0.125
14-Jun-08	0.143478
15-Jun-08	0.077273
16-Jun-08	0.134783
17-Jun-08	0.1
18-Jun-08	0.081818
19-Jun-08	0.082609
20-Jun-08	0.121739
21-Jun-08	0.009091
22-Jun-08	0.152174
23-Jun-08	0.158333
24-Jun-08	0.145455
25-Jun-08	0.013043
26-Jun-08	0.133333
27-Jun-08	0.233333
28-Jun-08	0.152174
29-Jun-08	0.143478
30-Jun-08	0.1
1-Jul-08	0.125
2-Jul-08	0.13913
3-Jul-08	0.077273
4-Jul-08	0.066667
5-Jul-08	0.173913
6-Jul-08	0.145455
7-Jul-08	0.054545
8-Jul-08	0.068182
9-Jul-08	0.073913
10-Jul-08	0
11-Jul-08	0.058333
12-Jul-08	0.030435
13-Jul-08	0
14-Jul-08	0.0125
15-Jul-08	0.045455
16-Jul-08	0.059091
17-Jul-08	0.033333
18-Jul-08	0.056522
19-Jul-08	0
20-Jul-08	0.030435
21-Jul-08	0
22-Jul-08	0
23-Jul-08	0
24-Jul-08	0
25-Jul-08	0.033333
26-Jul-08	0.0125
27-Jul-08	0
28-Jul-08	0.004167
29-Jul-08	0.008333
30-Jul-08	0.016667
31-Jul-08	0.036364
1-Aug-08	0.041667
2-Aug-08	0.030435
3-Aug-08	0.013636
4-Aug-08	0
5-Aug-08	0
6-Aug-08	0
7-Aug-08	0.029167
8-Aug-08	0.0125
9-Aug-08	0.026087
10-Aug-08	0.054545
11-Aug-08	0.014286
12-Aug-08	0
13-Aug-08	0.026316
14-Aug-08	0.241667
15-Aug-08	0.279167
16-Aug-08	0.259091
17-Aug-08	0.16087
18-Aug-08	0.216667
19-Aug-08	0.163636
20-Aug-08	0.1
21-Aug-08	0.165217
22-Aug-08	0.236364
23-Aug-08	0.156522
24-Aug-08	0.165217
25-Aug-08	0.131818
26-Aug-08	0.095455
27-Aug-08	0.1625
28-Aug-08	0.163636
29-Aug-08	0.195652
30-Aug-08	0.121739
31-Aug-08	0.045455
1-Sep-08	0.033333
2-Sep-08	0.073913
3-Sep-08	0.15
4-Sep-08	0.1375
5-Sep-08	0.16087
6-Sep-08	0.090909
7-Sep-08	0.020833
8-Sep-08	0.091304
9-Sep-08	0.136364
10-Sep-08	0.016667
11-Sep-08	0.078261
12-Sep-08	0.0875
13-Sep-08	0.108333
14-Sep-08	0.069565
15-Sep-08	0.029167
16-Sep-08	0.058333
17-Sep-08	0.18
18-Sep-08	0.229167
19-Sep-08	0.233333
20-Sep-08	0.330435
21-Sep-08	0.303864
22-Sep-08	0.254167
23-Sep-08	0.325
24-Sep-08	0.43075
25-Sep-08	0.354083
26-Sep-08	0.213783
27-Sep-08	0.316667
28-Sep-08	0.4
29-Sep-08	0.288
30-Sep-08	0.232217
1-Oct-08	0.320833
2-Oct-08	0.264348
3-Oct-08	0.25
4-Oct-08	0.241667
5-Oct-08	0.370833
6-Oct-08	0.229833
7-Oct-08	0.220833
8-Oct-08	0.368304
9-Oct-08	0.3
10-Oct-08	0.344833
11-Oct-08	0.358333
12-Oct-08	0.405
13-Oct-08	0.300792
14-Oct-08	0.270833
15-Oct-08	0.279167
16-Oct-08	0.304208
17-Oct-08	0.2
18-Oct-08	0.208333
19-Oct-08	0.208333
20-Oct-08	0.358333
21-Oct-08	0.413042
22-Oct-08	0.174708
23-Oct-08	0.283333
24-Oct-08	0.419208
25-Oct-08	0.305917
26-Oct-08	0.241667
27-Oct-08	0.3525
28-Oct-08	0.256625
29-Oct-08	0.1875
30-Oct-08	0.225
31-Oct-08	0.3875
1-Nov-08	0.35
2-Nov-08	0.283333
3-Nov-08	0.604167
4-Nov-08	0.405391
5-Nov-08	0.544917
6-Nov-08	0.219391
7-Nov-08	0.354167
8-Nov-08	0.346583
9-Nov-08	0.258333
10-Nov-08	0.284318
11-Nov-08	0.209958
12-Nov-08	0.291667
13-Nov-08	0.551917
14-Nov-08	0.625
15-Nov-08	0.228609
16-Nov-08	0.176318
17-Nov-08	0.233333
18-Nov-08	0.218652
19-Nov-08	0.184875
20-Nov-08	0.220833
21-Nov-08	0.230565
22-Nov-08	0.180917
23-Nov-08	0.225
24-Nov-08	0.344043
25-Nov-08	0.304167
26-Nov-08	0.479167
27-Nov-08	0.372391
28-Nov-08	0.4375
29-Nov-08	0.342333
30-Nov-08	0.466381
1-Dec-08	0.288889
2-Dec-08	0.3
4-Dec-08	0.3155
5-Dec-08	0.245833
6-Dec-08	0.429167
7-Dec-08	0.32175
8-Dec-08	0.233333
9-Dec-08	0.399591
10-Dec-08	0.205556
11-Dec-08	0.29213
12-Dec-08	0.320833
13-Dec-08	0.2125
14-Dec-08	0.32235
15-Dec-08	0.19775
16-Dec-08	0.242333
17-Dec-08	0.329167
18-Dec-08	0.441667
19-Dec-08	0.321333
20-Dec-08	0.25
21-Dec-08	0.229167
22-Dec-08	0.259304
23-Dec-08	0.233333
24-Dec-08	0.303105
25-Dec-08	0.216542
26-Dec-08	0.329167
27-Dec-08	0.35425
28-Dec-08	0.192045
29-Dec-08	0.25
30-Dec-08	0.244375
31-Dec-08	0.256625
1-Jan-09	0.205263
2-Jan-09	0.358333
3-Jan-09	0.282667
4-Jan-09	0.266667
5-Jan-09	0.405708
6-Jan-09	0.366667
7-Jan-09	0.339783
8-Jan-09	0.27775
9-Jan-09	0.260542
10-Jan-09	0.2875
11-Jan-09	0.331955
12-Jan-09	0.354167
13-Jan-09	0.535957
14-Jan-09	0.2875
15-Jan-09	0.295833
16-Jan-09	0.441667
17-Jan-09	0.382542
18-Jan-09	0.579167
19-Jan-09	0.561913
20-Jan-09	0.401435
21-Jan-09	0.3375
22-Jan-09	0.341667
23-Jan-09	0.561826
24-Jan-09	0.255375
25-Jan-09	0.2625
26-Jan-09	0.466667
27-Jan-09	0.491667
28-Jan-09	0.464542
29-Jan-09	0.354167
30-Jan-09	0.483333
31-Jan-09	0.301292
1-Feb-09	0.5125
2-Feb-09	0.590091
3-Feb-09	0.269917
4-Feb-09	0.265739
5-Feb-09	0.233333
6-Feb-09	0.379167
7-Feb-09	0.424
8-Feb-09	0.266318
9-Feb-09	0.245833
10-Feb-09	0.404167
11-Feb-09	0.527391
12-Feb-09	0.250542
13-Feb-09	0.2125
14-Feb-09	0.225
15-Feb-09	0.2035
16-Feb-09	0.225
17-Feb-09	0.3125
18-Feb-09	0.425174
19-Feb-09	0.3375
20-Feb-09	0.244957
21-Feb-09	0.25
22-Feb-09	0.340318
23-Feb-09	0.243391
24-Feb-09	0.204167
25-Feb-09	0.316667
26-Feb-09	0.36187
27-Feb-09	0.271708
28-Feb-09	0.229167
1-Mar-09	0.237087
2-Mar-09	0.247727
3-Mar-09	0.253667
4-Mar-09	0.283333
5-Mar-09	0.367333
6-Mar-09	0.32475
7-Mar-09	0.404167
8-Mar-09	0.237136
9-Mar-09	0.258333
10-Mar-09	0.323529
11-Mar-09	0.295833
12-Mar-09	0.230292
13-Mar-09	0.2625
14-Mar-09	0.304167
15-Mar-09	0.4125
16-Mar-09	0.331783
17-Mar-09	0.291667
18-Mar-09	0.260042
19-Mar-09	0.291667
20-Mar-09	0.266667
21-Mar-09	0.305125
22-Mar-09	0.251619
23-Mar-09	0.2
24-Mar-09	0.225
25-Mar-09	0.299478
26-Mar-09	0.399333
27-Mar-09	0.320833
28-Mar-09	0.268957
29-Mar-09	0.241667
30-Mar-09	0.291783
31-Mar-09	0.252632
1-Apr-09	0.361833
2-Apr-09	0.404167
3-Apr-09	0.382417
4-Apr-09	0.215958
5-Apr-09	0.2
6-Apr-09	0.345833
7-Apr-09	0.289583
8-Apr-09	0.233333
9-Apr-09	0.245833
10-Apr-09	0.336167
11-Apr-09	0.260174
12-Apr-09	0.176042
13-Apr-09	0.216667
14-Apr-09	0.279167
15-Apr-09	0.2625
16-Apr-09	0.273292
17-Apr-09	0.269957
18-Apr-09	0.225
19-Apr-09	0.230783
20-Apr-09	0.223348
21-Apr-09	0.379167
22-Apr-09	0.258333
23-Apr-09	0.208333
24-Apr-09	0.254167
25-Apr-09	0.295833
26-Apr-09	0.232261
27-Apr-09	0.2875
28-Apr-09	0.241292
29-Apr-09	0.219043
30-Apr-09	0.244091
1-May-09	0.2375
2-May-09	0.216667
3-May-09	0.291667
4-May-09	0.325
5-May-09	0.224522
6-May-09	0.258333
7-May-09	0.345833
8-May-09	0.293333
9-May-09	0.288375
10-May-09	0.169
11-May-09	0.270833
12-May-09	0.3125
13-May-09	0.289667
14-May-09	0.232565
15-May-09	0.2625
16-May-09	0.255083
17-May-09	0.173727
18-May-09	0.229167
19-May-09	0.258625
20-May-09	0.270833
21-May-09	0.260042
22-May-09	0.270833
23-May-09	0.197522
24-May-09	0.2375
25-May-09	0.191042
26-May-09	0.199478
27-May-09	0.2
28-May-09	0.213667
29-May-09	0.325
30-May-09	0.285792
31-May-09	0.222652
1-Jun-09	0.2
2-Jun-09	0.2625
3-Jun-09	0.223125
4-Jun-09	0.266667
5-Jun-09	0.279417
6-Jun-09	0.226333
7-Jun-09	0.204696
8-Jun-09	0.212632
9-Jun-09	0.208333
10-Jun-09	0.208087
11-Jun-09	0.204167
12-Jun-09	0.375
13-Jun-09	0.251609
14-Jun-09	0.183174
15-Jun-09	0.182542
16-Jun-09	0.183333
17-Jun-09	0.246625
18-Jun-09	0.25
19-Jun-09	0.233333
20-Jun-09	0.268667
21-Jun-09	0.15125
22-Jun-09	0.1625
23-Jun-09	0.2
24-Jun-09	0.233333
25-Jun-09	0.275
26-Jun-09	0.3125
27-Jun-09	0.2605
28-Jun-09	0.197909
29-Jun-09	0.283333
30-Jun-09	0.269833
1-Jul-09	0.291667
2-Jul-09	0.26225
3-Jul-09	0.254167
4-Jul-09	0.172826
5-Jul-09	0.158333
6-Jul-09	0.331174
7-Jul-09	0.296818
8-Jul-09	0.190792
9-Jul-09	0.170833
10-Jul-09	0.306667
11-Jul-09	0.202083
12-Jul-09	0.165318
13-Jul-09	0.194917
14-Jul-09	0.182542
15-Jul-09	0.203565
16-Jul-09	0.258
17-Jul-09	0.266667
18-Jul-09	0.233333
19-Jul-09	0.195833
20-Jul-09	0.321087
21-Jul-09	0.235273
22-Jul-09	0.241667
23-Jul-09	0.278913
24-Jul-09	0.166667
25-Jul-09	0.233333
26-Jul-09	0.202818
27-Jul-09	0.216667
28-Jul-09	0.245833
29-Jul-09	0.237348
30-Jul-09	0.2
31-Jul-09	0.304167
1-Aug-09	0.279167
2-Aug-09	0.235083
3-Aug-09	0.241667
4-Aug-09	0.316667
5-Aug-09	0.240957
6-Aug-09	0.241667
7-Aug-09	0.154833
8-Aug-09	0.170833
9-Aug-09	0.213087
10-Aug-09	0.2125
11-Aug-09	0.266667
12-Aug-09	0.21425
13-Aug-09	0.216667
14-Aug-09	0.333333
15-Aug-09	0.291667
16-Aug-09	0.3125
17-Aug-09	0.305
18-Aug-09	0.28875
19-Aug-09	0.216667
20-Aug-09	0.283333
25-Aug-09	0.241667
26-Aug-09	0.216667
27-Aug-09	0.183333
28-Aug-09	0.216875
29-Aug-09	0.187217
30-Aug-09	0.216667
31-Aug-09	0.185583
1-Sep-09	0.220833
2-Sep-09	0.278958
3-Sep-09	0.266667
4-Sep-09	0.408333
5-Sep-09	0.331208
6-Sep-09	0.166667
7-Sep-09	0.295833
8-Sep-09	0.382353
9-Sep-09	0.238625
10-Sep-09	0.167696
11-Sep-09	0.166667
12-Sep-09	0.166667
13-Sep-09	0.159609
14-Sep-09	0.225
15-Sep-09	0.220833
16-Sep-09	0.169478
17-Sep-09	0.208333
18-Sep-09	0.206083
19-Sep-09	0.154167
20-Sep-09	0.291478
21-Sep-09	0.35
22-Sep-09	0.219087
23-Sep-09	0.199917
24-Sep-09	0.220833
25-Sep-09	0.174087
26-Sep-09	0.2125
27-Sep-09	0.187542
28-Sep-09	0.216048
29-Sep-09	0.2
30-Sep-09	0.2
1-Oct-09	0.225
2-Oct-09	0.2815
3-Oct-09	0.275
4-Oct-09	0.383333
5-Oct-09	0.266
6-Oct-09	0.241667
7-Oct-09	0.212913
8-Oct-09	0.2
9-Oct-09	0.425
10-Oct-09	0.249913
11-Oct-09	0.201833
12-Oct-09	0.216333
13-Oct-09	0.26813
14-Oct-09	0.2
15-Oct-09	0.234167
16-Oct-09	0.175
17-Oct-09	0.197167
18-Oct-09	0.170833
19-Oct-09	0.3125
20-Oct-09	0.414739
21-Oct-09	0.391667
22-Oct-09	0.482261
23-Oct-09	0.196458
24-Oct-09	0.275
25-Oct-09	0.177174
26-Oct-09	0.304167
27-Oct-09	0.431625
28-Oct-09	0.179043
29-Oct-09	0.258333
30-Oct-09	0.385083
31-Oct-09	0.188
1-Nov-09	0.194739
2-Nov-09	0.2
3-Nov-09	0.266667
4-Nov-09	0.279167
5-Nov-09	0.337417
6-Nov-09	0.204167
7-Nov-09	0.320833
8-Nov-09	0.4
9-Nov-09	0.515609
10-Nov-09	0.342182
11-Nov-09	0.202708
12-Nov-09	0.225
13-Nov-09	0.198
14-Nov-09	0.208333
15-Nov-09	0.366667
16-Nov-09	0.226292
17-Nov-09	0.270833
18-Nov-09	0.6125
19-Nov-09	0.667917
20-Nov-09	0.310958
21-Nov-09	0.310957
22-Nov-09	0.23175
23-Nov-09	0.229435
24-Nov-09	0.229091
25-Nov-09	0.304167
26-Nov-09	0.312957
27-Nov-09	0.229167
28-Nov-09	0.192875
29-Nov-09	0.275
30-Nov-09	0.302042
1-Dec-09	0.275
2-Dec-09	0.425
3-Dec-09	0.209792
4-Dec-09	0.333333
5-Dec-09	0.268174
6-Dec-09	0.241667
7-Dec-09	0.4375
8-Dec-09	0.391632
9-Dec-09	0.322478
10-Dec-09	0.267826
11-Dec-09	0.224958
12-Dec-09	0.233333
13-Dec-09	0.4
14-Dec-09	0.32575
15-Dec-09	0.358333
16-Dec-09	0.216667
17-Dec-09	0.198042
18-Dec-09	0.229042
19-Dec-09	0.3
20-Dec-09	0.194417
21-Dec-09	0.225
22-Dec-09	0.266667
23-Dec-09	0.246136
24-Dec-09	0.541667
25-Dec-09	0.376478
26-Dec-09	0.199792
27-Dec-09	0.191667
28-Dec-09	0.377522
29-Dec-09	0.1915
30-Dec-09	0.295833
31-Dec-09	0.513174
1-Jan-10	0.368421
2-Jan-10	0.230167
3-Jan-10	0.220833
4-Jan-10	0.241708
5-Jan-10	0.2875
6-Jan-10	0.264391
7-Jan-10	0.283333
8-Jan-10	0.30575
9-Jan-10	0.2
10-Jan-10	0.216667
11-Jan-10	0.404167
12-Jan-10	0.274609
13-Jan-10	0.2625
14-Jan-10	0.458333
15-Jan-10	0.403174
16-Jan-10	0.308333
17-Jan-10	0.339917
18-Jan-10	0.2125
19-Jan-10	0.516667
20-Jan-10	0.305917
21-Jan-10	0.295833
22-Jan-10	0.399167
23-Jan-10	0.404167
24-Jan-10	0.499682
25-Jan-10	0.276708
26-Jan-10	0.291667
27-Jan-10	0.329167
28-Jan-10	0.361292
29-Jan-10	0.225583
30-Jan-10	0.23213
31-Jan-10	0.241667
1-Feb-10	0.307333
2-Feb-10	0.370833
3-Feb-10	0.376727
4-Feb-10	0.279167
5-Feb-10	0.302
6-Feb-10	0.258333
7-Feb-10	0.212348
8-Feb-10	0.242652
9-Feb-10	0.3125
11-Feb-10	0.2125
12-Feb-10	0.229167
13-Feb-10	0.248
14-Feb-10	0.204167
15-Feb-10	0.241667
16-Feb-10	0.446261
17-Feb-10	0.3
18-Feb-10	0.256958
19-Feb-10	0.2
20-Feb-10	0.2
21-Feb-10	0.2125
22-Feb-10	0.25
23-Feb-10	0.308375
24-Feb-10	0.2875
25-Feb-10	0.305087
26-Feb-10	0.254167
27-Feb-10	0.35
28-Feb-10	0.474261
1-Mar-10	0.206545
2-Mar-10	0.270833
3-Mar-10	0.247696
4-Mar-10	0.245333
5-Mar-10	0.279167
6-Mar-10	0.250522
7-Mar-10	0.248957
8-Mar-10	0.2827
9-Mar-10	0.279167
10-Mar-10	0.420833
11-Mar-10	0.396542
12-Mar-10	0.255522
13-Mar-10	0.204167
14-Mar-10	0.190417
15-Mar-10	0.229522
16-Mar-10	0.358333
17-Mar-10	0.491125
18-Mar-10	0.3125
19-Mar-10	0.5
20-Mar-10	0.34525
21-Mar-10	0.210545
22-Mar-10	0.270833
23-Mar-10	0.262875
24-Mar-10	0.2125
25-Mar-10	0.287833
26-Mar-10	0.258083
27-Mar-10	0.2375
28-Mar-10	0.253625
29-Mar-10	0.283333
30-Mar-10	0.282043
31-Mar-10	0.3125
1-Apr-10	0.3
2-Apr-10	0.414348
3-Apr-10	0.281292
4-Apr-10	0.2125
5-Apr-10	0.316667
6-Apr-10	0.358333
7-Apr-10	0.354167
8-Apr-10	0.259875
9-Apr-10	0.330391
10-Apr-10	0.2125
11-Apr-10	0.229167
12-Apr-10	0.258333
13-Apr-10	0.295739
14-Apr-10	0.283333
15-Apr-10	0.261875
16-Apr-10	0.269087
17-Apr-10	0.245833
18-Apr-10	0.236957
19-Apr-10	0.197458
20-Apr-10	0.225
21-Apr-10	0.351542
22-Apr-10	0.2625
23-Apr-10	0.2625
24-Apr-10	0.239833
25-Apr-10	0.23513
26-Apr-10	0.229167
27-Apr-10	0.255
28-Apr-10	0.216667
29-Apr-10	0.2
30-Apr-10	0.225
1-May-10	0.363
2-May-10	0.3
3-May-10	0.261917
4-May-10	0.25
5-May-10	0.220833
6-May-10	0.208333
7-May-10	0.225
8-May-10	0.281833
9-May-10	0.174458
10-May-10	0.187826
11-May-10	0.225
12-May-10	0.283333
13-May-10	0.269435
14-May-10	0.316667
15-May-10	0.226375
16-May-10	0.198045
17-May-10	0.2375
18-May-10	0.2675
19-May-10	0.216667
20-May-10	0.295833
21-May-10	0.334208
22-May-10	0.306957
23-May-10	0.241667
24-May-10	0.29625
25-May-10	0.258333
26-May-10	0.274826
27-May-10	0.25
28-May-10	0.304167
29-May-10	0.251833
30-May-10	0.205261
31-May-10	0.429167
1-Jun-10	0.267542
2-Jun-10	0.3625
3-Jun-10	0.2875
4-Jun-10	0.32775
5-Jun-10	0.275
6-Jun-10	0.230083
7-Jun-10	0.2
8-Jun-10	0.183739
9-Jun-10	0.217647
10-Jun-10	0.222333
11-Jun-10	0.241176
12-Jun-10	0.298208
13-Jun-10	0.2125
14-Jun-10	0.304167
15-Jun-10	0.266667
16-Jun-10	0.317583
17-Jun-10	0.216667
18-Jun-10	0.3125
19-Jun-10	0.249
20-Jun-10	0.258333
21-Jun-10	0.287136
22-Jun-10	0.283333
23-Jun-10	0.2375
24-Jun-10	0.256833
25-Jun-10	0.242417
26-Jun-10	0.252783
27-Jun-10	0.341667
28-Jun-10	0.26325
29-Jun-10	0.191609
30-Jun-10	0.172875
1-Jul-10	0.164833
2-Jul-10	0.25
3-Jul-10	0.245833
4-Jul-10	0.2375
5-Jul-10	0.359261
6-Jul-10	0.454167
7-Jul-10	0.408958
8-Jul-10	0.246174
9-Jul-10	0.208333
10-Jul-10	0.170833
11-Jul-10	0.2625
12-Jul-10	0.329167
13-Jul-10	0.2625
14-Jul-10	0.241652
15-Jul-10	0.236708
16-Jul-10	0.241667
17-Jul-10	0.245833
18-Jul-10	0.198375
19-Jul-10	0.254167
20-Jul-10	0.3
21-Jul-10	0.282609
22-Jul-10	0.173
23-Jul-10	0.279167
24-Jul-10	0.341667
25-Jul-10	0.167217
26-Jul-10	0.187333
27-Jul-10	0.216667
28-Jul-10	0.245625
29-Jul-10	0.222083
30-Jul-10	0.225
31-Jul-10	0.2125
1-Aug-10	0.2375
2-Aug-10	0.228565
3-Aug-10	0.195739
4-Aug-10	0.216667
5-Aug-10	0.254167
6-Aug-10	0.254174
7-Aug-10	0.220833
8-Aug-10	0.254522
9-Aug-10	0.254167
10-Aug-10	0.304208
11-Aug-10	0.325
12-Aug-10	0.256739
13-Aug-10	0.2375
14-Aug-10	0.28825
15-Aug-10	0.2125
16-Aug-10	0.222875
17-Aug-10	0.192
18-Aug-10	0.308333
19-Aug-10	0.352273
20-Aug-10	0.241667
21-Aug-10	0.306348
22-Aug-10	0.22213
23-Aug-10	0.179167
24-Aug-10	0.170833
25-Aug-10	0.170833
26-Aug-10	0.2
27-Aug-10	0.225
28-Aug-10	0.245833
29-Aug-10	0.258333
30-Aug-10	0.241667
31-Aug-10	0.325
1-Sep-10	0.32825
2-Sep-10	0.32687
3-Sep-10	0.246958
4-Sep-10	0.166667
5-Sep-10	0.196636
6-Sep-10	0.239042
7-Sep-10	0.24615
8-Sep-10	0.234565
9-Sep-10	0.2
10-Sep-10	0.173708
11-Sep-10	0.220833
12-Sep-10	0.22925
13-Sep-10	0.238958
14-Sep-10	0.215609
15-Sep-10	0.196667
16-Sep-10	0.246083
17-Sep-10	0.325
18-Sep-10	0.36475
19-Sep-10	0.3
20-Sep-10	0.188739
21-Sep-10	0.2
22-Sep-10	0.241667
23-Sep-10	0.22713
24-Sep-10	0.258333
25-Sep-10	0.21925
26-Sep-10	0.193957
27-Sep-10	0.208333
28-Sep-10	0.23725
29-Sep-10	0.208333
30-Sep-10	0.215542
1-Oct-10	0.158333
2-Oct-10	0.165565
3-Oct-10	0.177478
4-Oct-10	0.173417
5-Oct-10	0.175
6-Oct-10	0.205556
7-Oct-10	0.2375
8-Oct-10	0.231
9-Oct-10	0.180833
10-Oct-10	0.216667
11-Oct-10	0.25
12-Oct-10	0.27
13-Oct-10	0.270833
14-Oct-10	0.399478
15-Oct-10	0.179167
16-Oct-10	0.125
17-Oct-10	0.194182
18-Oct-10	0.229167
19-Oct-10	0.3625
20-Oct-10	0.386087
21-Oct-10	0.300208
22-Oct-10	0.2125
23-Oct-10	0.229167
24-Oct-10	0.266667
25-Oct-10	0.397583
26-Oct-10	0.243783
27-Oct-10	0.209182
28-Oct-10	0.22913
29-Oct-10	0.196391
30-Oct-10	0.22375
31-Oct-10	0.177
1-Nov-10	0.183957
2-Nov-10	0.191667
3-Nov-10	0.470833
4-Nov-10	0.394739
5-Nov-10	0.360958
6-Nov-10	0.259125
7-Nov-10	0.186304
8-Nov-10	0.213364
9-Nov-10	0.226292
10-Nov-10	0.210826
11-Nov-10	0.233333
12-Nov-10	0.291667
13-Nov-10	0.629167
14-Nov-10	0.369217
15-Nov-10	0.245833
16-Nov-10	0.307304
17-Nov-10	0.195833
18-Nov-10	0.229167
19-Nov-10	0.266667
20-Nov-10	0.289792
21-Nov-10	0.2125
22-Nov-10	0.316667
23-Nov-10	0.337609
24-Nov-10	0.176125
25-Nov-10	0.233333
26-Nov-10	0.307958
27-Nov-10	0.255875
28-Nov-10	0.2125
29-Nov-10	0.408333
30-Nov-10	0.481333
1-Dec-10	0.235304
2-Dec-10	0.258333
3-Dec-10	0.235375
4-Dec-10	0.208333
5-Dec-10	0.192
6-Dec-10	0.216667
7-Dec-10	0.245875
8-Dec-10	0.235048
9-Dec-10	0.227778
10-Dec-10	0.325
11-Dec-10	0.654167
12-Dec-10	0.455348
13-Dec-10	0.275
16-Dec-10	0.329167
17-Dec-10	0.568364
18-Dec-10	0.5625
19-Dec-10	0.579261
20-Dec-10	0.277045
21-Dec-10	0.2
22-Dec-10	0.2
23-Dec-10	0.194773
24-Dec-10	0.2
25-Dec-10	0.245833
26-Dec-10	0.237143
27-Dec-10	0.177957
28-Dec-10	0.2
29-Dec-10	0.245833
30-Dec-10	0.458333
31-Dec-10	0.554167
1-Jan-11	0.531636
2-Jan-11	0.386696
3-Jan-11	0.241667
4-Jan-11	0.375
5-Jan-11	0.357
6-Jan-11	0.333333
7-Jan-11	0.463955
8-Jan-11	0.273696
9-Jan-11	0.2125
10-Jan-11	0.2
11-Jan-11	0.3375
12-Jan-11	0.215826
13-Jan-11	0.199
14-Jan-11	0.258333
15-Jan-11	0.361478
16-Jan-11	0.270864
17-Jan-11	0.254167
18-Jan-11	0.480957
19-Jan-11	0.3125
20-Jan-11	0.3125
21-Jan-11	0.338261
22-Jan-11	0.3625
23-Jan-11	0.334545
24-Jan-11	0.304167
25-Jan-11	0.604167
26-Jan-11	0.906348
27-Jan-11	0.316667
28-Jan-11	0.6875
29-Jan-11	0.489652
30-Jan-11	0.393957
31-Jan-11	0.316667
1-Feb-11	0.424174
2-Feb-11	0.294478
3-Feb-11	0.354167
4-Feb-11	0.380739
5-Feb-11	0.475
6-Feb-11	0.267905
7-Feb-11	0.45
8-Feb-11	0.344826
9-Feb-11	0.266667
10-Feb-11	0.304167
11-Feb-11	0.433333
12-Feb-11	0.339273
13-Feb-11	0.233333
14-Feb-11	0.266524
15-Feb-11	0.215136
16-Feb-11	0.308333
17-Feb-11	0.491667
18-Feb-11	0.391818
19-Feb-11	0.19887
20-Feb-11	0.192636
21-Feb-11	0.2
22-Feb-11	0.251174
23-Feb-11	0.225
24-Feb-11	0.470833
25-Feb-11	0.335
26-Feb-11	0.258333
27-Feb-11	0.293636
28-Feb-11	0.491667
1-Mar-11	0.275
2-Mar-11	0.25081
3-Mar-11	0.220833
4-Mar-11	0.3625
5-Mar-11	0.277043
6-Mar-11	0.211727
7-Mar-11	0.206727
8-Mar-11	0.258333
9-Mar-11	0.26613
10-Mar-11	0.244
11-Mar-11	0.354167
12-Mar-11	0.295739
13-Mar-11	0.3005
14-Mar-11	0.2625
15-Mar-11	0.377783
16-Mar-11	0.304167
17-Mar-11	0.35
18-Mar-11	0.260739
19-Mar-11	0.225
20-Mar-11	0.238227
21-Mar-11	0.295833
22-Mar-11	0.24
23-Mar-11	0.245565
24-Mar-11	0.2625
25-Mar-11	0.239727
26-Mar-11	0.2
27-Mar-11	0.2
28-Mar-11	0.216667
29-Mar-11	0.216667
30-Mar-11	0.241667
31-Mar-11	0.281478
1-Apr-11	0.253591
2-Apr-11	0.2375
3-Apr-11	0.229167
4-Apr-11	0.421625
5-Apr-11	0.247455
6-Apr-11	0.198722
7-Apr-11	0.279167
8-Apr-11	0.297864
9-Apr-11	0.292522
10-Apr-11	0.275696
11-Apr-11	0.249696
12-Apr-11	0.25
13-Apr-11	0.250476
14-Apr-11	0.216667
15-Apr-11	0.205556
16-Apr-11	0.208087
17-Apr-11	0.2
18-Apr-11	0.216667
19-Apr-11	0.283333
20-Apr-11	0.2625
21-Apr-11	0.221208
22-Apr-11	0.25
23-Apr-11	0.270833
24-Apr-11	0.258333
25-Apr-11	0.294444
26-Apr-11	0.3
27-Apr-11	0.341391
28-Apr-11	0.179167
29-Apr-11	0.223348
30-Apr-11	0.2375
1-May-11	0.238524
2-May-11	0.282522
3-May-11	0.25787
4-May-11	0.2425
5-May-11	0.2
6-May-11	0.225
7-May-11	0.266667
8-May-11	0.258783
9-May-11	0.204522
10-May-11	0.189286
11-May-11	0.198826
12-May-11	0.2125
13-May-11	0.316091
14-May-11	0.225
15-May-11	0.216636
16-May-11	0.208409
17-May-11	0.237826
18-May-11	0.216667
19-May-11	0.243895
20-May-11	0.25
21-May-11	0.2
22-May-11	0.183318
23-May-11	0.248304
24-May-11	0.258333
25-May-11	0.231056
26-May-11	0.267174
27-May-11	0.295833
28-May-11	0.2375
29-May-11	0.188227
30-May-11	0.266667
31-May-11	0.254045
1-Jun-11	0.258333
2-Jun-11	0.177636
3-Jun-11	0.170833
4-Jun-11	0.230696
5-Jun-11	0.277591
6-Jun-11	0.291667
7-Jun-11	0.329167
8-Jun-11	0.435455
9-Jun-11	0.253913
10-Jun-11	0.283333
11-Jun-11	0.205455
12-Jun-11	0.156864
13-Jun-11	0.216667
14-Jun-11	0.189318
15-Jun-11	0.2375
16-Jun-11	0.259609
17-Jun-11	0.257636
18-Jun-11	0.241667
19-Jun-11	0.170609
20-Jun-11	0.241667
21-Jun-11	0.289522
22-Jun-11	0.289682
23-Jun-11	0.208409
24-Jun-11	0.183333
25-Jun-11	0.170833
26-Jun-11	0.291667
27-Jun-11	0.246333
28-Jun-11	0.3545
29-Jun-11	0.213435
30-Jun-11	0.194217
1-Jul-11	0.2375
2-Jul-11	0.49013
3-Jul-11	0.278522
4-Jul-11	0.262304
5-Jul-11	0.298773
6-Jul-11	0.256583
7-Jul-11	0.220833
8-Jul-11	0.308333
9-Jul-11	0.208217
10-Jul-11	0.2
11-Jul-11	0.254167
12-Jul-11	0.230913
13-Jul-11	0.246783
14-Jul-11	0.2125
15-Jul-11	0.2625
16-Jul-11	0.2375
17-Jul-11	0.223042
18-Jul-11	0.254167
19-Jul-11	0.254167
20-Jul-11	0.337917
21-Jul-11	0.242792
22-Jul-11	0.2375
23-Jul-11	0.225
24-Jul-11	0.266304
25-Jul-11	0.222455
26-Jul-11	0.232286
27-Jul-11	0.181208
28-Jul-11	0.252636
29-Jul-11	0.270833
30-Jul-11	0.181348
31-Jul-11	0.191667
1-Aug-11	0.259522
2-Aug-11	0.245833
3-Aug-11	0.2625
4-Aug-11	0.223652
5-Aug-11	0.191667
6-Aug-11	0.2
7-Aug-11	0.1875
8-Aug-11	0.308333
9-Aug-11	0.232045
10-Aug-11	0.199667
11-Aug-11	0.191667
12-Aug-11	0.2375
13-Aug-11	0.313
14-Aug-11	0.239087
15-Aug-11	0.200318
16-Aug-11	0.1875
17-Aug-11	0.261652
18-Aug-11	0.275273
19-Aug-11	0.291667
20-Aug-11	0.234217
21-Aug-11	0.218762
22-Aug-11	0.180737
23-Aug-11	0.19175
24-Aug-11	0.220833
25-Aug-11	0.203522
26-Aug-11	0.233333
27-Aug-11	0.252318
28-Aug-11	0.1
29-Aug-11	0.191667
30-Aug-11	0.326636
31-Aug-11	0.312609
1-Sep-11	0.243913
2-Sep-11	0.195833
3-Sep-11	0.25713
4-Sep-11	0.231091
5-Sep-11	0.151773
6-Sep-11	0.163636
7-Sep-11	0.175
8-Sep-11	0.233333
9-Sep-11	0.233333
10-Sep-11	0.225
11-Sep-11	0.299091
12-Sep-11	0.225
13-Sep-11	0.268304
14-Sep-11	0.255636
15-Sep-11	0.217
16-Sep-11	0.125
17-Sep-11	0.202091
18-Sep-11	0.204727
19-Sep-11	0.204167
20-Sep-11	0.2625
21-Sep-11	0.297739
22-Sep-11	0.270833
23-Sep-11	0.289455
24-Sep-11	0.220833
25-Sep-11	0.304167
26-Sep-11	0.410682
27-Sep-11	0.325095
28-Sep-11	0.193435
29-Sep-11	0.2625
30-Sep-11	0.283333
1-Oct-11	0.240217
2-Oct-11	0.172524
3-Oct-11	0.272348
4-Oct-11	0.19587
5-Oct-11	0.178273
6-Oct-11	0.183391
7-Oct-11	0.275
8-Oct-11	0.2625
9-Oct-11	0.266217
10-Oct-11	0.2125
11-Oct-11	0.2
12-Oct-11	0.176
13-Oct-11	0.2
14-Oct-11	0.258333
15-Oct-11	0.168522
16-Oct-11	0.183545
17-Oct-11	0.258333
18-Oct-11	0.304167
19-Oct-11	0.242174
20-Oct-11	0.25
21-Oct-11	0.225
22-Oct-11	0.2375
23-Oct-11	0.283333
24-Oct-11	0.413864
25-Oct-11	0.2125
26-Oct-11	0.316667
27-Oct-11	0.249545
28-Oct-11	0.220833
29-Oct-11	0.241913
30-Oct-11	0.233333
31-Oct-11	0.541667
1-Nov-11	0.585087
2-Nov-11	0.545833
3-Nov-11	0.390087
4-Nov-11	0.241174
5-Nov-11	0.308333
6-Nov-11	0.360957
7-Nov-11	0.325
8-Nov-11	0.545
9-Nov-11	0.436478
10-Nov-11	0.429167
11-Nov-11	0.192364
12-Nov-11	0.233333
13-Nov-11	0.319409
14-Nov-11	0.239182
15-Nov-11	0.241667
16-Nov-11	0.408333
17-Nov-11	0.221105
18-Nov-11	0.264706
19-Nov-11	0.266739
20-Nov-11	0.2195
21-Nov-11	0.254167
22-Nov-11	0.516652
23-Nov-11	0.191909
24-Nov-11	0.25
25-Nov-11	0.317304
26-Nov-11	0.533333
27-Nov-11	0.811364
28-Nov-11	0.238478
29-Nov-11	0.334864
1-Dec-11	0.241667
2-Dec-11	0.470833
3-Dec-11	0.3
4-Dec-11	0.425227
5-Dec-11	0.2875
6-Dec-11	0.2695
7-Dec-11	0.296524
8-Dec-11	0.25
9-Dec-11	0.3625
10-Dec-11	0.304696
11-Dec-11	0.329167
12-Dec-11	0.370833
13-Dec-11	0.525
14-Dec-11	0.358043
15-Dec-11	0.267409
16-Dec-11	0.241667
17-Dec-11	0.25187
18-Dec-11	0.2125
19-Dec-11	0.368522
20-Dec-11	0.291667
21-Dec-11	0.341455
22-Dec-11	0.291667
23-Dec-11	0.336391
24-Dec-11	0.216667
25-Dec-11	0.403864
26-Dec-11	0.291667
27-Dec-11	0.303682
28-Dec-11	0.20719
29-Dec-11	0.245833
30-Dec-11	0.458333
31-Dec-11	0.443826
1-Jan-12	0.34087
2-Jan-12	0.228818
3-Jan-12	0.229174
4-Jan-12	0.241667
5-Jan-12	0.292773
6-Jan-12	0.55
7-Jan-12	0.888957
8-Jan-12	0.220833
9-Jan-12	0.266667
10-Jan-12	0.35
11-Jan-12	0.310591
12-Jan-12	0.2
13-Jan-12	0.245833
14-Jan-12	0.220833
15-Jan-12	0.19313
16-Jan-12	0.275
17-Jan-12	0.3
18-Jan-12	0.2125
19-Jan-12	0.270833
20-Jan-12	0.295833
21-Jan-12	0.270833
22-Jan-12	0.275
23-Jan-12	0.490636
24-Jan-12	0.249727
25-Jan-12	0.264435
26-Jan-12	0.270833
27-Jan-12	0.360391
28-Jan-12	0.261174
29-Jan-12	0.220833
30-Jan-12	0.256783
31-Jan-12	0.345833
1-Feb-12	0.335955
2-Feb-12	0.252941
3-Feb-12	0.220833
4-Feb-12	0.229167
5-Feb-12	0.2375
6-Feb-12	0.285409
7-Feb-12	0.283762
8-Feb-12	0.266667
9-Feb-12	0.329167
10-Feb-12	0.35
11-Feb-12	0.290217
12-Feb-12	0.188
13-Feb-12	0.25
14-Feb-12	0.466667
15-Feb-12	0.683333
16-Feb-12	0.467739
17-Feb-12	0.294348
18-Feb-12	0.2445
19-Feb-12	0.2125
20-Feb-12	0.208333
21-Feb-12	0.3
22-Feb-12	0.3
25-Feb-12	0.220833
26-Feb-12	0.216667
27-Feb-12	0.341667
28-Feb-12	0.220833
29-Feb-12	0.304167
1-Mar-12	0.265217
2-Mar-12	0.308333
3-Mar-12	0.375
4-Mar-12	0.327095
5-Mar-12	0.23813
6-Mar-12	0.241667
7-Mar-12	0.266773
8-Mar-12	0.188826
9-Mar-12	0.220833
10-Mar-12	0.241667
11-Mar-12	0.266913
12-Mar-12	0.343957
13-Mar-12	0.288545
14-Mar-12	0.257913
15-Mar-12	0.266667
16-Mar-12	0.308333
17-Mar-12	0.370833
18-Mar-12	0.309318
19-Mar-12	0.394
20-Mar-12	0.337304
21-Mar-12	0.204167
22-Mar-12	0.233333
23-Mar-12	0.228652
24-Mar-12	0.2125
25-Mar-12	0.216667
26-Mar-12	0.232783
27-Mar-12	0.204167
28-Mar-12	0.316667
29-Mar-12	0.258957
30-Mar-12	0.216667
31-Mar-12	0.25
1-Apr-12	0.330773
2-Apr-12	0.216667
3-Apr-12	0.208333
4-Apr-12	0.240652
5-Apr-12	0.199261
6-Apr-12	0.2
7-Apr-12	0.2
8-Apr-12	0.208333
9-Apr-12	0.225
10-Apr-12	0.208333
11-Apr-12	0.229167
12-Apr-12	0.254167
13-Apr-12	0.270833
14-Apr-12	0.2375
15-Apr-12	0.245833
16-Apr-12	0.272773
17-Apr-12	0.221727
18-Apr-12	0.2
23-Apr-12	0.222818
24-Apr-12	0.216667
25-Apr-12	0.2125
26-Apr-12	0.2375
27-Apr-12	0.199435
28-Apr-12	0.2
29-Apr-12	0.193
30-Apr-12	0.220833
1-May-12	0.245261
2-May-12	0.2
3-May-12	0.254167
4-May-12	0.3125
5-May-12	0.3
6-May-12	0.291304
7-May-12	0.271
8-May-12	0.26087
9-May-12	0.247059
10-May-12	0.2
11-May-12	0.233333
12-May-12	0.27487
13-May-12	0.259773
14-May-12	0.291667
15-May-12	0.227478
16-May-12	0.253174
17-May-12	0.233333
18-May-12	0.313913
19-May-12	0.295833
20-May-12	0.320727
21-May-12	0.201043
22-May-12	0.224957
23-May-12	0.229167
24-May-12	0.2125
25-May-12	0.2349
26-May-12	0.2375
27-May-12	0.244182
28-May-12	0.206696
29-May-12	0.220833
30-May-12	0.291667
31-May-12	0.234217
1-Jun-12	0.191273
2-Jun-12	0.2
3-Jun-12	0.154783
4-Jun-12	0.166667
5-Jun-12	0.216667
6-Jun-12	0.259826
7-Jun-12	0.279167
8-Jun-12	0.300826
9-Jun-12	0.213609
10-Jun-12	0.239333
11-Jun-12	0.2
12-Jun-12	0.183333
13-Jun-12	0.241667
14-Jun-12	0.229167
15-Jun-12	0.310565
16-Jun-12	0.215364
17-Jun-12	0.151435
18-Jun-12	0.152636
19-Jun-12	0.175
20-Jun-12	0.254348
21-Jun-12	0.229167
22-Jun-12	0.252957
23-Jun-12	0.204167
24-Jun-12	0.158333
25-Jun-12	0.254167
26-Jun-12	0.165087
27-Jun-12	0.172773
28-Jun-12	0.229167
29-Jun-12	0.34213
30-Jun-12	0.211136
1-Jul-12	0.229652
2-Jul-12	0.233043
3-Jul-12	0.233333
4-Jul-12	0.2375
5-Jul-12	0.2625
6-Jul-12	0.308333
7-Jul-12	0.26087
8-Jul-12	0.170318
9-Jul-12	0.1875
10-Jul-12	0.194
11-Jul-12	0.2352
12-Jul-12	0.224727
13-Jul-12	0.242913
14-Jul-12	0.216667
15-Jul-12	0.249136
16-Jul-12	0.258333
17-Jul-12	0.268565
18-Jul-12	0.291955
19-Jul-12	0.252304
20-Jul-12	0.2
21-Jul-12	0.254167
22-Jul-12	0.204364
23-Jul-12	0.230435
24-Jul-12	0.251545
25-Jul-12	0.207261
26-Jul-12	0.3125
27-Jul-12	0.295833
28-Jul-12	0.31
29-Jul-12	0.2
30-Jul-12	0.254364
31-Jul-12	0.242478
1-Aug-12	0.265
2-Aug-12	0.275
3-Aug-12	0.298
4-Aug-12	0.314565
5-Aug-12	0.170857
6-Aug-12	0.18125
7-Aug-12	0.257
8-Aug-12	0.241667
9-Aug-12	0.253304
10-Aug-12	0.244957
11-Aug-12	0.216667
12-Aug-12	0.233333
14-Aug-12	0.318357
15-Aug-12	0.329167
16-Aug-12	0.279565
17-Aug-12	0.316667
18-Aug-12	0.301348
19-Aug-12	0.2875
20-Aug-12	0.345833
21-Aug-12	0.304167
22-Aug-12	0.358333
23-Aug-12	0.3204
24-Aug-12	0.35287
25-Aug-12	0.304167
26-Aug-12	0.298818
27-Aug-12	0.291667
28-Aug-12	0.229167
29-Aug-12	0.255136
30-Aug-12	0.291667
31-Aug-12	0.270043
1-Sep-12	0.258333
2-Sep-12	0.233818
3-Sep-12	0.233957
4-Sep-12	0.293455
5-Sep-12	0.254167
6-Sep-12	0.27787
7-Sep-12	0.322045
8-Sep-12	0.220833
9-Sep-12	0.225304
10-Sep-12	0.25
11-Sep-12	0.235435
12-Sep-12	0.333333
13-Sep-12	0.283333
14-Sep-12	0.280609
15-Sep-12	0.216667
16-Sep-12	0.2375
17-Sep-12	0.288235
18-Sep-12	0.258333
19-Sep-12	0.186391
20-Sep-12	0.231571
21-Sep-12	0.2875
22-Sep-12	0.250565
23-Sep-12	0.208333
24-Sep-12	0.264478
25-Sep-12	0.25
26-Sep-12	0.258333
27-Sep-12	0.245348
28-Sep-12	0.3
29-Sep-12	0.2
30-Sep-12	0.255545
1-Oct-12	0.222
2-Oct-12	0.313045
3-Oct-12	0.345833
4-Oct-12	0.290261
5-Oct-12	0.371273
6-Oct-12	0.304167
7-Oct-12	0.237304
8-Oct-12	0.231909
9-Oct-12	0.204045
10-Oct-12	0.258381
11-Oct-12	0.261739
12-Oct-12	0.266667
13-Oct-12	0.254435
14-Oct-12	0.291667
15-Oct-12	0.205909
16-Oct-12	0.259696
17-Oct-12	0.352913
18-Oct-12	0.454167
19-Oct-12	0.291667
20-Oct-12	0.250261
21-Oct-12	0.2125
23-Oct-12	0.329167
24-Oct-12	0.3625
25-Oct-12	0.558333
26-Oct-12	0.4
27-Oct-12	0.370833
28-Oct-12	0.2
29-Oct-12	0.135304
30-Oct-12	0.275818
31-Oct-12	0.325
1-Nov-12	0.336478
2-Nov-12	0.2625
3-Nov-12	0.2
4-Nov-12	0.2
5-Nov-12	0.2
6-Nov-12	0.266619
7-Nov-12	0.220739
8-Nov-12	0.2
9-Nov-12	0.235609
10-Nov-12	0.414957
11-Nov-12	0.454167
12-Nov-12	0.3
13-Nov-12	0.241667
14-Nov-12	0.238773
15-Nov-12	0.312043
16-Nov-12	0.383333
17-Nov-12	0.522273
18-Nov-12	0.566667
19-Nov-12	0.42913
20-Nov-12	0.475
21-Nov-12	0.391667
22-Nov-12	0.411478
23-Nov-12	0.441667
24-Nov-12	0.2
25-Nov-12	0.2125
26-Nov-12	0.2955
27-Nov-12	0.4
28-Nov-12	0.357217
29-Nov-12	0.333333
30-Nov-12	0.268435
1-Dec-12	0.318435
2-Dec-12	0.445833
3-Dec-12	0.385087
4-Dec-12	0.6625
5-Dec-12	0.208333
6-Dec-12	0.409217
7-Dec-12	0.6125
8-Dec-12	0.44087
9-Dec-12	0.333333
10-Dec-12	0.359091
11-Dec-12	0.241304
12-Dec-12	0.339609
13-Dec-12	0.716318
14-Dec-12	0.508333
15-Dec-12	0.316667
16-Dec-12	0.2
17-Dec-12	0.318739
18-Dec-12	0.320833
19-Dec-12	0.215409
20-Dec-12	0.277435
21-Dec-12	0.235957
22-Dec-12	0.230318
23-Dec-12	0.246409
24-Dec-12	0.4814
25-Dec-12	0.4625
26-Dec-12	0.255913
27-Dec-12	0.204522
28-Dec-12	0.240773
29-Dec-12	0.375
30-Dec-12	0.208333
31-Dec-12	0.281591
1-Jan-13	0.239652
2-Jan-13	0.267087
3-Jan-13	0.362273
4-Jan-13	0.3625
5-Jan-13	0.428217
6-Jan-13	0.558333
7-Jan-13	0.454167
8-Jan-13	0.40213
9-Jan-13	0.725
10-Jan-13	0.236522
11-Jan-13	0.430391
12-Jan-13	0.362227
13-Jan-13	0.320833
14-Jan-13	0.229167
15-Jan-13	0.253476
16-Jan-13	0.385739
17-Jan-13	0.325
18-Jan-13	0.259826
19-Jan-13	0.2625
20-Jan-13	0.223048
21-Jan-13	0.251043
22-Jan-13	0.3
23-Jan-13	0.3
24-Jan-13	0.291667
25-Jan-13	0.329167
26-Jan-13	0.225
27-Jan-13	0.25487
28-Jan-13	0.398522
29-Jan-13	0.529227
30-Jan-13	0.408333
31-Jan-13	0.205087
1-Feb-13	0.238818
2-Feb-13	0.270833
3-Feb-13	0.3
4-Feb-13	0.32685
5-Feb-13	0.329167
6-Feb-13	0.381
7-Feb-13	0.270833
8-Feb-13	0.208652
9-Feb-13	0.20487
10-Feb-13	0.494273
11-Feb-13	0.741667
12-Feb-13	0.329167
13-Feb-13	0.390818
14-Feb-13	0.358333
15-Feb-13	0.4
16-Feb-13	0.383333
17-Feb-13	0.211273
18-Feb-13	0.236435
19-Feb-13	0.365364
20-Feb-13	0.311765
21-Feb-13	0.258333
22-Feb-13	0.291318
23-Feb-13	0.354167
24-Feb-13	0.234783
25-Feb-13	0.325818
26-Feb-13	0.475
27-Feb-13	0.241667
28-Feb-13	0.304273
1-Mar-13	0.308333
2-Mar-13	0.229167
3-Mar-13	0.230143
4-Mar-13	0.218048
5-Mar-13	0.273565
6-Mar-13	0.216667
7-Mar-13	0.219043
8-Mar-13	0.258348
9-Mar-13	0.276227
10-Mar-13	0.320833
11-Mar-13	0.277909
12-Mar-13	0.2875
13-Mar-13	0.263591
14-Mar-13	0.258333
15-Mar-13	0.254167
16-Mar-13	0.235217
17-Mar-13	0.245833
18-Mar-13	0.265083
19-Mar-13	0.254167
20-Mar-13	0.314
21-Mar-13	0.345833
22-Mar-13	0.3
23-Mar-13	0.233333
24-Mar-13	0.233
25-Mar-13	0.270833
26-Mar-13	0.240435
27-Mar-13	0.255318
28-Mar-13	0.318087
29-Mar-13	0.291667
30-Mar-13	0.317455
31-Mar-13	0.408333
1-Apr-13	0.245833
2-Apr-13	0.223273
3-Apr-13	0.219905
4-Apr-13	0.246
5-Apr-13	0.233333
6-Apr-13	0.240957
7-Apr-13	0.35
8-Apr-13	0.258333
9-Apr-13	0.279167
10-Apr-13	0.305783
11-Apr-13	0.275
12-Apr-13	0.229167
13-Apr-13	0.283783
14-Apr-13	0.266667
15-Apr-13	0.250435
16-Apr-13	0.239478
17-Apr-13	0.208864
18-Apr-13	0.237783
19-Apr-13	0.2
20-Apr-13	0.176091
21-Apr-13	0.200565
22-Apr-13	0.241667
23-Apr-13	0.245833
24-Apr-13	0.2375
25-Apr-13	0.259
26-Apr-13	0.2375
27-Apr-13	0.328391
28-Apr-13	0.275
29-Apr-13	0.232842
30-Apr-13	0.25387
1-May-13	0.342304
2-May-13	0.254167
3-May-13	0.200478
4-May-13	0.241667
5-May-13	0.1875
6-May-13	0.26435
7-May-13	0.266667
8-May-13	0.225
9-May-13	0.280391
10-May-13	0.280667
11-May-13	0.233333
12-May-13	0.2
13-May-13	0.191667
14-May-13	0.203773
15-May-13	0.2625
16-May-13	0.223826
17-May-13	0.2125
18-May-13	0.258333
19-May-13	0.214304
20-May-13	0.269818
21-May-13	0.329167
22-May-13	0.214435
23-May-13	0.285045
24-May-13	0.214217
25-May-13	0.183333
26-May-13	0.195833
27-May-13	0.323652
28-May-13	0.516667
29-May-13	0.271364
30-May-13	0.272217
31-May-13	0.3125
1-Jun-13	0.243727
2-Jun-13	0.183333
3-Jun-13	0.220833
4-Jun-13	0.170833
5-Jun-13	0.2
6-Jun-13	0.2375
7-Jun-13	0.192636
8-Jun-13	0.177913
9-Jun-13	0.208333
10-Jun-13	0.2625
11-Jun-13	0.214565
12-Jun-13	0.2
13-Jun-13	0.254167
14-Jun-13	0.217391
15-Jun-13	0.223043
16-Jun-13	0.241667
17-Jun-13	0.219826
18-Jun-13	0.241667
19-Jun-13	0.217227
20-Jun-13	0.279167
21-Jun-13	0.239261
22-Jun-13	0.219864
23-Jun-13	0.2
24-Jun-13	0.206913
25-Jun-13	0.229167
26-Jun-13	0.245833
27-Jun-13	0.212913
28-Jun-13	0.2625
29-Jun-13	0.200913
30-Jun-13	0.191667
1-Jul-13	0.1809
2-Jul-13	0.212174
3-Jul-13	0.216667
4-Jul-13	0.1625
5-Jul-13	0.2
6-Jul-13	0.2
7-Jul-13	0.220833
8-Jul-13	0.245833
9-Jul-13	0.265609
10-Jul-13	0.2665
11-Jul-13	0.285174
12-Jul-13	0.225
13-Jul-13	0.244273
14-Jul-13	0.294435
15-Jul-13	0.354167
16-Jul-13	0.291667
17-Jul-13	0.325
18-Jul-13	0.322231
19-Jul-13	0.279167
20-Jul-13	0.220391
21-Jul-13	0.177571
22-Jul-13	0.233333
23-Jul-13	0.27213
24-Jul-13	0.254167
25-Jul-13	0.186087
26-Jul-13	0.256478
27-Jul-13	0.258333
28-Jul-13	0.216667
29-Jul-13	0.297208
30-Jul-13	0.223077
31-Jul-13	0.249765
1-Aug-13	0.266667
2-Aug-13	0.229913
3-Aug-13	0.222773
4-Aug-13	0.2
5-Aug-13	0.2
6-Aug-13	0.230524
7-Aug-13	0.220348
8-Aug-13	0.2375
9-Aug-13	0.233333
10-Aug-13	0.204167
11-Aug-13	0.180818
12-Aug-13	0.231739
13-Aug-13	0.304167
14-Aug-13	0.2125
15-Aug-13	0.181565
16-Aug-13	0.214217
17-Aug-13	0.261182
18-Aug-13	0.283333
19-Aug-13	0.228522
20-Aug-13	0.275091
21-Aug-13	0.283333
22-Aug-13	0.266667
23-Aug-13	0.2
24-Aug-13	0.216667
25-Aug-13	0.233333
26-Aug-13	0.276455
27-Aug-13	0.318783
28-Aug-13	0.358333
29-Aug-13	0.2
30-Aug-13	0.257261
31-Aug-13	0.3
1-Sep-13	0.233333
11-Sep-13	0.279826
12-Sep-13	0.258333
13-Sep-13	0.233333
14-Sep-13	0.162652
15-Sep-13	0.191667
16-Sep-13	0.233333
17-Sep-13	0.238609
18-Sep-13	0.266667
19-Sep-13	0.346435
20-Sep-13	0.391667
21-Sep-13	0.225
22-Sep-13	0.15
23-Sep-13	0.179167
24-Sep-13	0.191667
25-Sep-13	0.204304
26-Sep-13	0.2125
27-Sep-13	0.274818
28-Sep-13	0.293826
29-Sep-13	0.366667
30-Sep-13	0.331652
1-Oct-13	0.379167
2-Oct-13	0.258333
3-Oct-13	0.276
4-Oct-13	0.3875
5-Oct-13	0.2875
6-Oct-13	0.2
7-Oct-13	0.255455
8-Oct-13	0.170833
9-Oct-13	0.195833
10-Oct-13	0.264455
11-Oct-13	0.24713
12-Oct-13	0.229167
13-Oct-13	0.219571
14-Oct-13	0.3625
15-Oct-13	0.304167
16-Oct-13	0.270833
17-Oct-13	0.258333
18-Oct-13	0.236304
19-Oct-13	0.245833
20-Oct-13	0.216667
21-Oct-13	0.283333
22-Oct-13	0.295833
23-Oct-13	0.331739
24-Oct-13	0.221
25-Oct-13	0.257667
26-Oct-13	0.225
27-Oct-13	0.2
28-Oct-13	0.225
29-Oct-13	0.340375
30-Oct-13	0.665579
31-Oct-13	0.733333
1-Nov-13	0.174261
2-Nov-13	0.340955
3-Nov-13	0.208333
4-Nov-13	0.322957
5-Nov-13	0.4625
6-Nov-13	0.2625
7-Nov-13	0.220762
8-Nov-13	0.250304
9-Nov-13	0.252045
12-Nov-13	0.230636
13-Nov-13	0.283333
14-Nov-13	0.288696
15-Nov-13	0.356091
16-Nov-13	0.619217
17-Nov-13	0.65
18-Nov-13	0.241667
19-Nov-13	0.208333
20-Nov-13	0.254696
21-Nov-13	0.475227
22-Nov-13	0.481565
23-Nov-13	0.295833
24-Nov-13	0.2
25-Nov-13	0.250348
26-Nov-13	0.345833
27-Nov-13	0.275
28-Nov-13	0.220833
29-Nov-13	0.226304
30-Nov-13	0.288727
1-Dec-13	0.434087
2-Dec-13	0.420833
3-Dec-13	0.408333
4-Dec-13	0.622045
5-Dec-13	0.695833
6-Dec-13	0.341667
7-Dec-13	0.264
8-Dec-13	0.258333
9-Dec-13	0.338174
10-Dec-13	0.354167
11-Dec-13	0.279043
12-Dec-13	0.316667
13-Dec-13	0.316667
14-Dec-13	0.258333
15-Dec-13	0.256304
16-Dec-13	0.301125
17-Dec-13	0.415435
18-Dec-13	0.332045
19-Dec-13	0.392217
20-Dec-13	0.738095
21-Dec-13	0.358333
22-Dec-13	0.325
23-Dec-13	0.426261
24-Dec-13	0.254167
25-Dec-13	0.249783
26-Dec-13	0.416667
27-Dec-13	0.333333
28-Dec-13	0.380261
29-Dec-13	0.495833
30-Dec-13	0.276136
31-Dec-13	0.274739
1-Jan-14	0.238043
2-Jan-14	0.305263
3-Jan-14	0.240826
4-Jan-14	0.3375
5-Jan-14	0.398048
6-Jan-14	0.379167
7-Jan-14	0.266667
8-Jan-14	0.283091
9-Jan-14	0.445565
10-Jan-14	0.620833
11-Jan-14	0.425
12-Jan-14	0.218261
13-Jan-14	0.286826
14-Jan-14	0.294727
15-Jan-14	0.420739
16-Jan-14	0.729167
17-Jan-14	0.404167
18-Jan-14	0.4375
19-Jan-14	0.254167
20-Jan-14	0.279167
21-Jan-14	0.2625
22-Jan-14	0.241261
23-Jan-14	0.296368
24-Jan-14	0.316667
25-Jan-14	0.275
26-Jan-14	0.227636
27-Jan-14	0.333333
28-Jan-14	0.280348
29-Jan-14	0.304167
30-Jan-14	0.316913
31-Jan-14	0.362217
1-Feb-14	0.383333
2-Feb-14	0.429167
3-Feb-14	0.317609
4-Feb-14	0.424364
5-Feb-14	0.408333
6-Feb-14	0.381476
7-Feb-14	0.383333
8-Feb-14	0.358333
9-Feb-14	0.316667
10-Feb-14	0.328545
11-Feb-14	0.3625
12-Feb-14	0.410913
13-Feb-14	0.370833
14-Feb-14	0.27813
15-Feb-14	0.380174
16-Feb-14	0.275
17-Feb-14	0.257478
18-Feb-14	0.552522
19-Feb-14	0.493955
20-Feb-14	0.368348
21-Feb-14	0.408217
22-Feb-14	0.333333
23-Feb-14	0.412522
24-Feb-14	0.358333
25-Feb-14	0.291667
26-Feb-14	0.333333
27-Feb-14	0.381478
28-Feb-14	0.316091
1-Mar-14	0.475
2-Mar-14	0.35
3-Mar-14	0.25
4-Mar-14	0.323
5-Mar-14	0.3
6-Mar-14	0.386174
7-Mar-14	0.55
8-Mar-14	0.45
9-Mar-14	0.231304
10-Mar-14	0.309909
11-Mar-14	0.445348
12-Mar-14	0.716667
13-Mar-14	0.241667
14-Mar-14	0.3125
15-Mar-14	0.228609
16-Mar-14	0.21581
17-Mar-14	0.277217
18-Mar-14	0.302957
19-Mar-14	0.397227
20-Mar-14	0.31687
21-Mar-14	0.254167
22-Mar-14	0.276136
23-Mar-14	0.2375
24-Mar-14	0.245522
25-Mar-14	0.2875
26-Mar-14	0.212522
27-Mar-14	0.264591
28-Mar-14	0.241667
29-Mar-14	0.3
30-Mar-14	0.233818
31-Mar-14	0.293409
1-Apr-14	0.270909
2-Apr-14	0.441095
3-Apr-14	0.35
4-Apr-14	0.265182
5-Apr-14	0.254167
6-Apr-14	0.281913
7-Apr-14	0.404167
8-Apr-14	0.267217
9-Apr-14	0.249435
10-Apr-14	0.238944
11-Apr-14	0.281391
12-Apr-14	0.286261
13-Apr-14	0.304167
14-Apr-14	0.2
15-Apr-14	0.2
16-Apr-14	0.2
17-Apr-14	0.209913
18-Apr-14	0.248652
19-Apr-14	0.2625
20-Apr-14	0.215043
21-Apr-14	0.254167
22-Apr-14	0.245833
23-Apr-14	0.2375
24-Apr-14	0.2
25-Apr-14	0.246273
26-Apr-14	0.245833
27-Apr-14	0.257773
28-Apr-14	0.291667
29-Apr-14	0.2
30-Apr-14	0.200696
1-May-14	0.590273
2-May-14	0.370833
3-May-14	0.275
4-May-14	0.216667
5-May-14	0.210727
6-May-14	0.229273
7-May-14	0.245833
8-May-14	0.318409
9-May-14	0.352476
10-May-14	0.241667
11-May-14	0.2125
12-May-14	0.232478
13-May-14	0.2
14-May-14	0.217545
15-May-14	0.233333
16-May-14	0.195833
17-May-14	0.182273
18-May-14	0.218
19-May-14	0.2125
20-May-14	0.217273
21-May-14	0.270833
22-May-14	0.23087
23-May-14	0.202318
24-May-14	0.2125
25-May-14	0.220833
26-May-14	0.249773
27-May-14	0.258333
28-May-14	0.201478
29-May-14	0.270773
30-May-14	0.274826
31-May-14	0.220833
1-Jun-14	0.254167
2-Jun-14	0.2405
3-Jun-14	0.220571
4-Jun-14	0.202478
5-Jun-14	0.299409
6-Jun-14	0.233333
7-Jun-14	0.255217
8-Jun-14	0.3125
9-Jun-14	0.229167
10-Jun-14	0.225
11-Jun-14	0.1875
12-Jun-14	0.175
13-Jun-14	0.219609
14-Jun-14	0.219091
15-Jun-14	0.195833
16-Jun-14	0.203913
17-Jun-14	0.245833
18-Jun-14	0.2
19-Jun-14	0.2
20-Jun-14	0.1625
21-Jun-14	0.166667
22-Jun-14	0.2
23-Jun-14	0.254167
24-Jun-14	0.2
25-Jun-14	0.170833
26-Jun-14	0.183333
27-Jun-14	0.240696
28-Jun-14	0.2875
29-Jun-14	0.220833
30-Jun-14	0.187565
1-Jul-14	0.208333
2-Jul-14	0.193227
3-Jul-14	0.199818
4-Jul-14	0.1875
5-Jul-14	0.128261
6-Jul-14	0.166238
7-Jul-14	0.220476
8-Jul-14	0.216667
9-Jul-14	0.191818
10-Jul-14	0.238739
11-Jul-14	0.254167
12-Jul-14	0.2625
13-Jul-14	0.2
14-Jul-14	0.233333
15-Jul-14	0.184909
16-Jul-14	0.244857
17-Jul-14	0.2125
18-Jul-14	0.267909
19-Jul-14	0.346435
20-Jul-14	0.245833
21-Jul-14	0.222909
22-Jul-14	0.2875
23-Jul-14	0.219826
24-Jul-14	0.26081
25-Jul-14	0.268652
26-Jul-14	0.279167
27-Jul-14	0.254167
28-Jul-14	0.270833
29-Jul-14	0.22887
30-Jul-14	0.286667
31-Jul-14	0.283333
1-Aug-14	0.280261
2-Aug-14	0.254167
3-Aug-14	0.240571
4-Aug-14	0.291667
5-Aug-14	0.3375
6-Aug-14	0.3
7-Aug-14	0.234304
8-Aug-14	0.239391
9-Aug-14	0.294227
10-Aug-14	0.316667
11-Aug-14	0.308333
12-Aug-14	0.245864
13-Aug-14	0.226478
14-Aug-14	0.270435
15-Aug-14	0.329167
16-Aug-14	0.240565
17-Aug-14	0.233333
18-Aug-14	0.205955
19-Aug-14	0.260435
20-Aug-14	0.3125
21-Aug-14	0.308333
22-Aug-14	0.226391
23-Aug-14	0.22
24-Aug-14	0.288591
25-Aug-14	0.320833
26-Aug-14	0.295833
27-Aug-14	0.258333
28-Aug-14	0.208333
29-Aug-14	0.22513
30-Aug-14	0.232273
31-Aug-14	0.220091
1-Sep-14	0.258045
2-Sep-14	0.286957
3-Sep-14	0.228652
4-Sep-14	0.2625
5-Sep-14	0.291667
6-Sep-14	0.2
7-Sep-14	0.233333
8-Sep-14	0.266667
9-Sep-14	0.210217
10-Sep-14	0.213455
11-Sep-14	0.234739
12-Sep-14	0.215478
13-Sep-14	0.201182
14-Sep-14	0.2
15-Sep-14	0.260261
16-Sep-14	0.399727
17-Sep-14	0.370833
18-Sep-14	0.275
19-Sep-14	0.24119
20-Sep-14	0.289682
21-Sep-14	0.254167
22-Sep-14	0.211111
23-Sep-14	0.311143
24-Sep-14	0.291667
25-Sep-14	0.3
26-Sep-14	0.428864
27-Sep-14	0.4125
28-Sep-14	0.377778
29-Sep-14	0.35
30-Sep-14	0.241667
1-Oct-14	0.233333
2-Oct-14	0.247158
3-Oct-14	0.3
4-Oct-14	0.288889
5-Oct-14	0.229167
6-Oct-14	0.3
7-Oct-14	0.261111
8-Oct-14	0.229167
9-Oct-14	0.261455
10-Oct-14	0.283857
11-Oct-14	0.415227
12-Oct-14	0.2875
13-Oct-14	0.294444
14-Oct-14	0.21945
15-Oct-14	0.262727
16-Oct-14	0.206714
17-Oct-14	0.244227
18-Oct-14	0.241667
19-Oct-14	0.161111
20-Oct-14	0.232636
21-Oct-14	0.320833
22-Oct-14	0.2
23-Oct-14	0.182353
24-Oct-14	0.2
25-Oct-14	0.285952
26-Oct-14	0.2375
27-Oct-14	0.263591
28-Oct-14	0.576762
29-Oct-14	0.475
30-Oct-14	0.413091
31-Oct-14	0.355556
1-Nov-14	0.2
2-Nov-14	0.2
3-Nov-14	0.2645
4-Nov-14	0.438889
5-Nov-14	0.39965
6-Nov-14	0.504167
7-Nov-14	0.316667
8-Nov-14	0.2505
9-Nov-14	0.37185
10-Nov-14	0.577778
11-Nov-14	0.55
12-Nov-14	0.358333
13-Nov-14	0.316667
14-Nov-14	0.269136
15-Nov-14	0.291667
16-Nov-14	0.35
17-Nov-14	0.458136
18-Nov-14	0.329167
5-Feb-15	0.320833
6-Feb-15	0.337
7-Feb-15	0.363476
8-Feb-15	0.366667
9-Feb-15	0.3
10-Feb-15	0.288381
11-Feb-15	0.351045
12-Feb-15	0.569364
13-Feb-15	0.338889
14-Feb-15	0.357545
15-Feb-15	0.279167
16-Feb-15	0.266238
17-Feb-15	0.359045
18-Feb-15	0.461227
19-Feb-15	0.394444
20-Feb-15	0.280182
21-Feb-15	0.354909
22-Feb-15	0.486571
23-Feb-15	0.391667
24-Feb-15	0.333409
25-Feb-15	0.416667
26-Feb-15	0.301864
27-Feb-15	0.334727
28-Feb-15	0.329857
1-Mar-15	0.46285
2-Mar-15	0.361111
3-Mar-15	0.2832
4-Mar-15	0.338955
5-Mar-15	0.322222
6-Mar-15	0.286636
7-Mar-15	0.348773
8-Mar-15	0.422222
9-Mar-15	0.352045
10-Mar-15	0.408333
11-Mar-15	0.3
12-Mar-15	0.238667
13-Mar-15	0.275
14-Mar-15	0.384762
15-Mar-15	0.2875
16-Mar-15	0.346955
17-Mar-15	0.438889
18-Mar-15	0.225864
19-Mar-15	0.242
20-Mar-15	0.383333
21-Mar-15	0.408333
22-Mar-15	0.229167
23-Mar-15	0.238952
24-Mar-15	0.332318
25-Mar-15	0.441667
26-Mar-15	0.314333
27-Mar-15	0.431864
28-Mar-15	0.366667
29-Mar-15	0.255737
30-Mar-15	0.3
1-Apr-15	0.293429
2-Apr-15	0.379167
3-Apr-15	0.339864
4-Apr-15	0.295833
5-Apr-15	0.234286
6-Apr-15	0.31545
7-Apr-15	0.306773
8-Apr-15	0.294444
9-Apr-15	0.273773
10-Apr-15	0.345833
11-Apr-15	0.238889
12-Apr-15	0.27015
13-Apr-15	0.3
14-Apr-15	0.265947
21-Apr-15	0.3
22-Apr-15	0.389045
23-Apr-15	0.228619
24-Apr-15	0.226409
25-Apr-15	0.223318
26-Apr-15	0.249684
27-Apr-15	0.275
28-Apr-15	0.215545
29-Apr-15	0.250714
30-Apr-15	0.244444
1-May-15	0.235273
2-May-15	0.236136
3-May-15	0.25
4-May-15	0.241667
5-May-15	0.318773
6-May-15	0.3
7-May-15	0.275
8-May-15	0.2375
9-May-15	0.22719
10-May-15	0.2
11-May-15	0.212636
12-May-15	0.244444
13-May-15	0.2
14-May-15	0.271636
15-May-15	0.327778
16-May-15	0.266667
17-May-15	0.275
18-May-15	0.210429
19-May-15	0.254167
20-May-15	0.204167
21-May-15	0.229381
22-May-15	0.2
23-May-15	0.201045
24-May-15	0.216
25-May-15	0.237682
26-May-15	0.216
27-May-15	0.201857
28-May-15	0.225
29-May-15	0.279591
30-May-15	0.238889
31-May-15	0.1625
1-Jun-15	0.2
2-Jun-15	0.212524
3-Jun-15	0.247667
4-Jun-15	0.229167
5-Jun-15	0.269318
6-Jun-15	0.277286
7-Jun-15	0.241667
8-Jun-15	0.2
9-Jun-15	0.219429
10-Jun-15	0.231
11-Jun-15	0.285727
12-Jun-15	0.319111
13-Jun-15	0.271909
14-Jun-15	0.258333
15-Jun-15	0.211111
16-Jun-15	0.276409
17-Jun-15	0.219773
18-Jun-15	0.238889
19-Jun-15	0.209409
20-Jun-15	0.2031
21-Jun-15	0.261538
22-Jun-15	0.33855
23-Jun-15	0.320833
24-Jun-15	0.21081
25-Jun-15	0.231227
26-Jun-15	0.235857
27-Jun-15	0.288889
28-Jun-15	0.16
29-Jun-15	0.244444
30-Jun-15	0.261111
1-Jul-15	0.266667
2-Jul-15	0.259
3-Jul-15	0.238889
4-Jul-15	0.333545
5-Jul-15	0.3125
6-Jul-15	0.338889
7-Jul-15	0.226045
8-Jul-15	0.273636
9-Jul-15	0.311905
10-Jul-15	0.318091
11-Jul-15	0.239864
12-Jul-15	0.277778
13-Jul-15	0.358333
14-Jul-15	0.295833
15-Jul-15	0.243381
16-Jul-15	0.2125
17-Jul-15	0.325
18-Jul-15	0.232429
19-Jul-15	0.25315
20-Jul-15	0.270227
21-Jul-15	0.314714
22-Jul-15	0.208333
23-Jul-15	0.201545
24-Jul-15	0.233476
25-Jul-15	0.208333
26-Jul-15	0.224591
27-Jul-15	0.243381
28-Jul-15	0.282364
29-Jul-15	0.3
30-Jul-15	0.283333
31-Jul-15	0.254667
1-Aug-15	0.241667
2-Aug-15	0.2125
3-Aug-15	0.23719
4-Aug-15	0.267
5-Aug-15	0.229818
6-Aug-15	0.219857
7-Aug-15	0.270833
8-Aug-15	0.2375
9-Aug-15	0.205556
10-Aug-15	0.233333
11-Aug-15	0.241667
12-Aug-15	0.2465
13-Aug-15	0.222214
14-Aug-15	0.235227
15-Aug-15	0.233619
16-Aug-15	0.28185
17-Aug-15	0.291667
18-Aug-15	0.3
19-Aug-15	0.208333
20-Aug-15	0.2
21-Aug-15	0.222222
22-Aug-15	0.213182
23-Aug-15	0.2
24-Aug-15	0.211111
25-Aug-15	0.204167
26-Aug-15	0.227864
27-Aug-15	0.244444
28-Aug-15	0.285818
29-Aug-15	0.279167
30-Aug-15	0.249737
31-Aug-15	0.3
1-Sep-15	0.3
2-Sep-15	0.304667
3-Sep-15	0.352727
4-Sep-15	0.2375
5-Sep-15	0.267238
6-Sep-15	0.245833
7-Sep-15	0.233636
8-Sep-15	0.333333
9-Sep-15	0.25
10-Sep-15	0.205409
11-Sep-15	0.244857
12-Sep-15	0.291667
13-Sep-15	0.179167
14-Sep-15	0.2
15-Sep-15	0.214
16-Sep-15	0.293864
17-Sep-15	0.294524
18-Sep-15	0.325
19-Sep-15	0.279167
20-Sep-15	0.211111
21-Sep-15	0.1875
22-Sep-15	0.211955
23-Sep-15	0.331333
24-Sep-15	0.320833
25-Sep-15	0.283333
26-Sep-15	0.244381
27-Sep-15	0.275
28-Sep-15	0.245136
29-Sep-15	0.22419
30-Sep-15	0.2
1-Oct-15	0.179167
2-Oct-15	0.171
3-Oct-15	0.154167
4-Oct-15	0.150955
5-Oct-15	0.239048
6-Oct-15	0.3693
7-Oct-15	0.325
8-Oct-15	0.225714
9-Oct-15	0.233333
10-Oct-15	0.216667
11-Oct-15	0.227778
12-Oct-15	0.283333
13-Oct-15	0.3875
14-Oct-15	0.205556
15-Oct-15	0.255045
16-Oct-15	0.266182
17-Oct-15	0.255556
18-Oct-15	0.2
19-Oct-15	0.226318
20-Oct-15	0.27481
21-Oct-15	0.325
22-Oct-15	0.3
23-Oct-15	0.204167
24-Oct-15	0.276875
25-Oct-15	0.216667
26-Oct-15	0.291875
27-Oct-15	0.527056
28-Oct-15	0.433333
29-Oct-15	0.179333
30-Oct-15	0.2
31-Oct-15	0.266773
1-Nov-15	0.261111
2-Nov-15	0.396875
3-Nov-15	0.433333
4-Nov-15	0.36875
5-Nov-15	0.272222
6-Nov-15	0.230409
7-Nov-15	0.204167
8-Nov-15	0.208053
9-Nov-15	0.308333
10-Nov-15	0.441667
11-Nov-15	0.216667
12-Nov-15	0.283773
13-Nov-15	0.21665
14-Nov-15	0.205556
15-Nov-15	0.256318
16-Nov-15	0.295833
17-Nov-15	0.352143
18-Nov-15	0.5375
19-Nov-15	0.288235
20-Nov-15	0.200882
21-Nov-15	0.285409
22-Nov-15	0.529167
23-Nov-15	0.220905
24-Nov-15	0.353364
25-Nov-15	0.5625
26-Nov-15	0.277778
27-Nov-15	0.204167
28-Nov-15	0.244136
29-Nov-15	0.230619
30-Nov-15	0.286955
1-Dec-15	0.420833
2-Dec-15	0.490952
3-Dec-15	0.4125
4-Dec-15	0.276
5-Dec-15	0.346143
6-Dec-15	0.391667
7-Dec-15	0.458333
8-Dec-15	0.25
9-Dec-15	0.333333
10-Dec-15	0.403045
11-Dec-15	0.461111
12-Dec-15	0.411364
13-Dec-15	0.308333
14-Dec-15	0.412286
15-Dec-15	0.3125
16-Dec-15	0.232818
17-Dec-15	0.284857
18-Dec-15	0.292864
19-Dec-15	0.2125
20-Dec-15	0.257053
21-Dec-15	0.266667
22-Dec-15	0.372318
23-Dec-15	0.455556
24-Dec-15	0.325
25-Dec-15	0.358333
26-Dec-15	0.216667
27-Dec-15	0.242636
28-Dec-15	0.202136
29-Dec-15	0.201619
30-Dec-15	0.362864
31-Dec-15	0.555556
1-Jan-16	0.244455
2-Jan-16	0.253636
3-Jan-16	0.273684
4-Jan-16	0.283333
5-Jan-16	0.290909
6-Jan-16	0.348
7-Jan-16	0.669545
8-Jan-16	0.454167
9-Jan-16	0.338524
10-Jan-16	0.283333
11-Jan-16	0.218955
12-Jan-16	0.315095
13-Jan-16	0.2375
14-Jan-16	0.290545
15-Jan-16	0.472222
16-Jan-16	0.338636
17-Jan-16	0.258333
18-Jan-16	0.217
19-Jan-16	0.2
20-Jan-16	0.209273
21-Jan-16	0.217238
22-Jan-16	0.219
23-Jan-16	0.225
24-Jan-16	0.272
25-Jan-16	0.320833
26-Jan-16	0.341667
27-Jan-16	0.3
28-Jan-16	0.362182
29-Jan-16	0.445833
30-Jan-16	0.254167
31-Jan-16	0.245833
1-Feb-16	0.240211
2-Feb-16	0.315783
3-Feb-16	0.320833
4-Feb-16	0.25
5-Feb-16	0.241391
6-Feb-16	0.318304
7-Feb-16	0.320833
8-Feb-16	0.204783
9-Feb-16	0.357435
10-Feb-16	0.508333
11-Feb-16	0.295833
12-Feb-16	0.278957
13-Feb-16	0.219048
14-Feb-16	0.225348
15-Feb-16	0.351391
16-Feb-16	0.354167
17-Feb-16	0.270833
18-Feb-16	0.246435
19-Feb-16	0.307048
20-Feb-16	0.241478
21-Feb-16	0.25687
22-Feb-16	0.2875
23-Feb-16	0.304167
24-Feb-16	0.264348
25-Feb-16	0.225238
26-Feb-16	0.209696
27-Feb-16	0.228826
28-Feb-16	0.241957
29-Feb-16	0.254167
1-Mar-16	0.223381
2-Mar-16	0.225762
3-Mar-16	0.241522
4-Mar-16	0.2875
5-Mar-16	0.245696
6-Mar-16	0.267609
7-Mar-16	0.320833
8-Mar-16	0.35
9-Mar-16	0.288609
10-Mar-16	0.4
11-Mar-16	0.333333
12-Mar-16	0.258348
13-Mar-16	0.2375
14-Mar-16	0.2
15-Mar-16	0.229167
16-Mar-16	0.245833
17-Mar-16	0.238043
18-Mar-16	0.239043
19-Mar-16	0.222
20-Mar-16	0.2
21-Mar-16	0.2625
22-Mar-16	0.238522
23-Mar-16	0.258333
24-Mar-16	0.213391
25-Mar-16	0.344609
26-Mar-16	0.246333
27-Mar-16	0.232522
28-Mar-16	0.258333
29-Mar-16	0.208333
30-Mar-16	0.244565
31-Mar-16	0.2