,date,open,high,low,close,volume,Name,RealName,dat,value
49,2014-04-01,209.02,218.16,208.58,216.97,7371422,TSLA,Tesla,1,4.4480816444423095
70,2014-05-01,207.08,214.02,205.69,207.73,5444670,TSLA,Tesla,1,-13.344735524778912
112,2014-07-01,242.46,243.44,238.7,239.72,4341242,TSLA,Tesla,1,2.76503622411797
134,2014-08-01,226.09,237.5,226.0,233.27,11898133,TSLA,Tesla,1,-2.9012654012654004
176,2014-10-01,242.2,242.66,235.65,240.24,5946510,TSLA,Tesla,1,3.7126575720946393
218,2014-12-01,241.16,242.47,229.01,231.64,8619351,TSLA,Tesla,1,23.482061943600396
301,2015-04-01,188.7,192.3,186.05,187.59,3794621,TSLA,Tesla,1,-17.00659204530372
322,2015-05-01,229.94,231.77,220.405,226.03,5281689,TSLA,Tesla,1,-9.388655041090395
342,2015-06-01,251.41,251.6,247.47,249.45,2505057,TSLA,Tesla,1,-7.3193386587404765
364,2015-07-01,271.11,272.62,267.8503,269.15,2101224,TSLA,Tesla,1,12.789674391317094
407,2015-09-01,240.34,246.0,236.97,238.63,5454765,TSLA,Tesla,1,-0.52109388027347
428,2015-10-01,247.51,248.5,237.13,239.88,4572964,TSLA,Tesla,1,1.1341118934187773
470,2015-12-01,231.06,238.0,231.05,237.19,3733955,TSLA,Tesla,1,20.43769676043465
511,2016-02-01,188.76,199.52,182.75,196.94,5297639,TSLA,Tesla,1,5.682854843037298
531,2016-03-01,194.25,195.9484,182.7,186.35,6712159,TSLA,Tesla,1,-21.566564249337098
553,2016-04-01,244.825,247.9,233.25,237.59,15997509,TSLA,Tesla,1,8.211878302058663
595,2016-06-01,221.48,222.4,216.89,219.56,2982695,TSLA,Tesla,1,1.4133949191685922
617,2016-07-01,206.14,218.24,206.0,216.5,5399951,TSLA,Tesla,1,-5.87365766705795
637,2016-08-01,235.5,236.63,229.38,230.01,4016284,TSLA,Tesla,1,14.56392887383572
660,2016-09-01,209.01,211.0999,200.5,200.77,7943138,TSLA,Tesla,1,5.230882121704502
702,2016-11-01,198.04,198.5,188.105,190.79,7060036,TSLA,Tesla,1,4.898834396305254
723,2016-12-01,188.25,188.53,181.0,181.88,5126401,TSLA,Tesla,1,-27.026159524955872
764,2017-02-01,253.05,253.2,249.05,249.24,3958829,TSLA,Tesla,1,-0.3119750419966407
783,2017-03-01,254.18,254.85,249.11,250.02,4809488,TSLA,Tesla,1,-22.553666016169494
825,2017-05-01,314.88,327.25,314.81,322.83,8829565,TSLA,Tesla,1,-5.15321561829774
847,2017-06-01,344.0,344.88,337.29,340.37,7607996,TSLA,Tesla,1,6.508746127608979
889,2017-08-01,323.0,324.45,316.13,319.57,8303102,TSLA,Tesla,1,-10.08159819921215
912,2017-09-01,356.12,357.59,353.6902,355.4,3049546,TSLA,Tesla,1,10.688924878534943
954,2017-11-01,332.25,332.6089,320.26,321.08,8457336,TSLA,Tesla,1,4.746680585913292
975,2017-12-01,305.44,310.32,305.05,306.53,4292868,TSLA,Tesla,1,-12.231925554760208
1016,2018-02-01,351.0,359.66,348.63,349.25,4197687,TSLA,Tesla,1,5.53591393950382
1035,2018-03-01,345.01,348.67,330.07,330.93,6885601,TSLA,Tesla,1,10.339423846359026
1077,2018-05-01,293.51,300.82,293.22,299.92,4625603,TSLA,Tesla,1,2.775683640600378
1099,2018-06-01,285.86,291.95,283.839,291.82,5424386,TSLA,Tesla,1,-2.9982715064486047
1141,2018-08-01,297.99,303.0,293.0,300.84,10129430,TSLA,Tesla,1,-3.1734792404248515
1183,2018-10-01,305.77,311.44,301.05,310.7,21777597,TSLA,Tesla,1,-9.75368885790635
1206,2018-11-01,338.26,347.84,334.725,344.28,8000132,TSLA,Tesla,1,248.52679904638015
1308,2014-04-01,98.5459,98.8862,98.4237,98.7815,539186,TM,Toyota Motors,1,3.180605098368947
1329,2014-05-01,95.9895,96.103,95.4224,95.7365,340954,TM,Toyota Motors,1,-10.248657993073868
1371,2014-07-01,105.9445,106.6861,105.8747,106.6686,500984,TM,Toyota Motors,1,3.971374600123591
1393,2014-08-01,102.6989,103.0217,102.3298,102.5942,206880,TM,Toyota Motors,1,-0.2654876719812802
1435,2014-10-01,104.0049,104.04899999999999,102.6998,102.8673,676844,TM,Toyota Motors,1,-6.635184220414643
1477,2014-12-01,109.9309,110.7334,109.8339,110.1778,486011,TM,Toyota Motors,1,-11.045929571642636
1560,2015-04-01,123.7251,124.0206,123.2242,123.8592,358920,TM,Toyota Motors,1,-1.0574918319580067
1581,2015-05-01,124.1007,125.18299999999999,124.0739,125.18299999999999,247083,TM,Toyota Motors,1,1.9819943120209182
1601,2015-06-01,123.251,123.412,122.3655,122.7501,280124,TM,Toyota Motors,1,2.724476858767559
1623,2015-07-01,119.6018,119.7091,119.083,119.4945,157147,TM,Toyota Motors,1,16.84458173092437
1666,2015-09-01,103.37700000000001,103.6901,102.0354,102.2679,426040,TM,Toyota Motors,1,-4.7074214567848145
1687,2015-10-01,107.4559,107.8005,106.3132,107.3199,278044,TM,Toyota Motors,1,-6.0196682837977455
1729,2015-12-01,114.0398,114.6112,113.8585,114.194,201086,TM,Toyota Motors,1,4.584752903249456
1770,2016-02-01,108.8253,109.5263,108.0635,109.18799999999999,416729,TM,Toyota Motors,1,13.147248520219513
1790,2016-03-01,95.4942,96.7185,95.1224,96.5008,344665,TM,Toyota Motors,1,0.866504027310026
1812,2016-04-01,95.6072,96.1246,95.1821,95.6718,531788,TM,Toyota Motors,1,0.20318859462618807
1854,2016-06-01,96.3186,96.3556,95.0085,95.4778,540235,TM,Toyota Motors,1,3.7033416532526946
1876,2016-07-01,92.0128,92.5949,91.815,92.0682,515141,TM,Toyota Motors,1,-10.419887621317894
1896,2016-08-01,103.5998,103.6737,102.5465,102.7775,445102,TM,Toyota Motors,1,-8.089533953059949
1919,2016-09-01,112.3502,112.729,111.4077,111.8235,341122,TM,Toyota Motors,1,3.903169216931726
1961,2016-11-01,108.589,108.589,107.1069,107.6228,307298,TM,Toyota Motors,1,-2.5813196710553186
1982,2016-12-01,110.3995,111.3563,110.2212,110.4745,260657,TM,Toyota Motors,1,2.177672955974844
2023,2017-02-01,108.6641,108.9549,107.9136,108.12,324205,TM,Toyota Motors,1,0.4532100988366002
2042,2017-03-01,107.7072,107.8573,107.4164,107.6322,240418,TM,Toyota Motors,1,4.0930367504835505
2084,2017-05-01,103.3905,103.5146,103.1995,103.4,109130,TM,Toyota Motors,1,-0.09227454333763424
2106,2017-06-01,102.9608,103.5146,102.8654,103.4955,170476,TM,Toyota Motors,1,-5.05383268932263
2148,2017-08-01,108.9567,109.2049,108.4507,109.0044,371602,TM,Toyota Motors,1,1.0085622150561615
2171,2017-09-01,107.6391,108.7085,107.5341,107.916,288244,TM,Toyota Motors,1,-10.50576235878137
2213,2017-11-01,120.4486,121.0591,120.34200000000001,120.5843,194195,TM,Toyota Motors,1,0.0563408797474821
2234,2017-12-01,121.5243,121.7084,119.8574,120.5164,201265,TM,Toyota Motors,1,-10.403456692099693
2275,2018-02-01,133.9674,134.9462,133.9481,134.5101,170017,TM,Toyota Motors,1,6.44982078994872
2294,2018-03-01,129.3546,129.4321,125.4976,126.3601,444166,TM,Toyota Motors,1,-2.1447445047456255
2336,2018-05-01,128.8535,129.1592,128.3211,129.1296,127091,TM,Toyota Motors,1,-0.2589120749423675
2358,2018-06-01,129.4451,130.017,129.0803,129.4648,225841,TM,Toyota Motors,1,-0.24310315201923116
2400,2018-08-01,130.6381,131.3086,129.3564,129.7803,131807,TM,Toyota Motors,1,3.973962506008667
2442,2018-10-01,124.6,125.04,124.41,124.82,147213,TM,Toyota Motors,1,6.049277824978751
2465,2018-11-01,116.9,117.81,116.3,117.7,275470,TM,Toyota Motors,1,560.7274176616874
2567,2014-04-01,17.6513,18.0238,17.4412,17.8137,16408058,NVDA,Nvidia,1,0.4307307200081161
2588,2014-05-01,17.9092,17.9474,17.594,17.7373,4952689,NVDA,Nvidia,1,-1.4139853376834897
2630,2014-07-01,17.771,18.0925,17.7134,17.9917,8029625,NVDA,Nvidia,1,5.991893770692699
2652,2014-08-01,16.7923,17.0705,16.7347,16.9746,5497060,NVDA,Nvidia,1,-3.6010608392442385
2694,2014-10-01,17.8111,17.9364,17.5605,17.6087,8775121,NVDA,Nvidia,1,-11.598473818966824
2736,2014-12-01,20.2093,20.3255,19.8899,19.919,4751507,NVDA,Nvidia,1,-2.4224165380752867
2819,2015-04-01,20.4135,20.4815,20.0637,20.4135,8269223,NVDA,Nvidia,1,-7.648354830099394
2840,2015-05-01,21.7446,22.1721,21.6474,22.1041,6424185,NVDA,Nvidia,1,1.1874733917151503
2860,2015-06-01,21.7373,22.0596,21.6007,21.8447,9316504,NVDA,Nvidia,1,9.70565635970089
2882,2015-07-01,20.117,20.4001,19.7364,19.9121,7573001,NVDA,Nvidia,1,-5.7745452480551265
2925,2015-09-01,21.3971,21.7597,20.9756,21.1324,8835220,NVDA,Nvidia,1,-10.798375727081625
2946,2015-10-01,24.1611,24.2297,23.0045,23.6906,12232427,NVDA,Nvidia,1,-26.477853915288748
2988,2015-12-01,31.4845,32.2519,31.4549,32.2224,10237433,NVDA,Nvidia,1,11.774663521576235
3029,2016-02-01,28.7886,28.9755,28.5426,28.828000000000003,7247099,NVDA,Nvidia,1,-10.859065300341976
3049,2016-03-01,31.0462,32.3398,30.9968,32.3398,8717512,NVDA,Nvidia,1,-9.405219456988238
3071,2016-04-01,34.9665,35.7169,34.6998,35.6972,8707319,NVDA,Nvidia,1,-22.97291757024147
3113,2016-06-01,46.0368,46.7892,45.8982,46.3437,9678267,NVDA,Nvidia,1,0.32146197007480976
3135,2016-07-01,46.2843,46.8882,46.0368,46.1952,5462198,NVDA,Nvidia,1,-17.750766047834148
3155,2016-08-01,56.7688,56.9767,55.7985,56.1649,7527970,NVDA,Nvidia,1,-10.331422294810814
3178,2016-09-01,60.8904,62.8642,60.8408,62.6361,10712305,NVDA,Nvidia,1,-8.544550075122546
3220,2016-11-01,70.8388,71.2256,67.7343,68.4881,11830629,NVDA,Nvidia,1,-21.329588660303017
3241,2016-12-01,91.4873,91.5568,84.206,87.057,25888074,NVDA,Nvidia,1,-23.0890196206619
3282,2017-02-01,109.8443,113.3608,109.1291,113.1919,14750082,NVDA,Nvidia,1,10.717366850882774
3301,2017-03-01,103.2296,103.8064,100.564,102.235,12620139,NVDA,Nvidia,1,-3.610266234978438
3343,2017-05-01,104.1744,106.2731,103.88600000000001,106.0642,7693333,NVDA,Nvidia,1,-26.206814502298375
3365,2017-06-01,144.359,144.3988,141.8997,143.7317,12583467,NVDA,Nvidia,1,-12.237832477784957
3407,2017-08-01,161.4194,163.8438,160.2993,163.7741,10784578,NVDA,Nvidia,1,-3.5872055648045924
3430,2017-09-01,169.3594,171.3026,169.0106,169.8676,11135787,NVDA,Nvidia,1,-17.73165329894095
3472,2017-11-01,208.6225,209.2403,203.889,206.4799,12564446,NVDA,Nvidia,1,4.743118493500221
3493,2017-12-01,198.7553,199.57299999999998,191.9343,197.1298,20288748,NVDA,Nvidia,1,-17.804601329187637
3534,2018-02-01,237.8562,246.2128,237.3974,239.8307,12980572,NVDA,Nvidia,1,3.505754666657457
3553,2018-03-01,241.3866,243.5619,227.6313,231.7076,26002972,NVDA,Nvidia,1,2.2320896753829613
3595,2018-05-01,224.0841,226.7583,221.7193,226.6486,6344727,NVDA,Nvidia,1,-11.885860285450379
3617,2018-06-01,253.6072,257.4712,253.2577,257.2216,10549248,NVDA,Nvidia,1,4.523895439369866
3659,2018-08-01,245.7494,247.9758,243.5088,246.0888,7088889,NVDA,Nvidia,1,-14.868962807009783
3701,2018-10-01,283.8758,291.7679,282.3174,289.0706,15551453,NVDA,Nvidia,1,32.66697844206233
3724,2018-11-01,212.0877,218.2715,206.9828,217.8919,14163208,NVDA,Nvidia,1,370.3660529445923
3805,2015-12-01,45.2153,46.9267,45.157,46.3239,667107,RACE,Ferrari,1,19.308778192438748
3846,2016-02-01,37.8448,38.9435,37.7767,38.8269,1185499,RACE,Ferrari,1,1.1143519362483425
3866,2016-03-01,37.7086,38.399,37.3634,38.399,678102,RACE,Ferrari,1,-3.800240004609691
3888,2016-04-01,39.6048,40.0423,39.5367,39.9159,425403,RACE,Ferrari,1,-4.706893464637426
3930,2016-06-01,41.7004,41.9662,41.4148,41.8875,562594,RACE,Ferrari,1,2.5555960894825995
3952,2016-07-01,41.0702,41.2079,40.6172,40.8437,322757,RACE,Ferrari,1,-9.39287187928427
3972,2016-08-01,44.3393,45.1171,44.162,45.0778,961540,RACE,Ferrari,1,-5.25654282999991
3995,2016-09-01,47.5296,47.8447,47.1948,47.5788,305924,RACE,Ferrari,1,-5.827258530290223
4037,2016-11-01,52.2756,52.2855,50.2374,50.5229,520710,RACE,Ferrari,1,-5.801489712778161
4058,2016-12-01,53.1815,53.8117,53.1126,53.6345,514676,RACE,Ferrari,1,-12.343021697490302
4099,2017-02-01,61.5413,61.6299,60.724,61.1868,372727,RACE,Ferrari,1,-5.6626929552448715
4118,2017-03-01,64.5937,65.2239,64.574,64.8596,302503,RACE,Ferrari,1,-13.832917728926732
4160,2017-05-01,75.2122,75.4409,74.8145,75.2719,300177,RACE,Ferrari,1,-14.548521750581521
4182,2017-06-01,86.6854,88.5744,86.586,88.0873,783514,RACE,Ferrari,1,-18.827239276693422
4224,2017-08-01,108.0411,109.0652,107.7727,108.5183,704475,RACE,Ferrari,1,-6.517677239730095
4247,2017-09-01,114.255,116.9791,114.2351,116.0843,773204,RACE,Ferrari,1,-2.700040903360781
4289,2017-11-01,120.2998,120.439,119.1863,119.3056,643793,RACE,Ferrari,1,11.659074892300374
4310,2017-12-01,106.9773,107.5838,105.3866,106.8481,490502,RACE,Ferrari,1,-16.163507997759087
4351,2018-02-01,123.2327,129.1184,123.2228,127.4482,2679621,RACE,Ferrari,1,5.480162911012216
4370,2018-03-01,123.4813,123.6503,119.5143,120.8267,672177,RACE,Ferrari,1,-1.3498530372305695
4412,2018-05-01,122.66,122.755,121.18,122.48,224526,RACE,Ferrari,1,-7.840481565086533
4434,2018-06-01,133.66,133.81,131.44,132.9,287031,RACE,Ferrari,1,12.6271186440678
4476,2018-08-01,134.77,135.4,116.5401,118.0,6443504,RACE,Ferrari,1,-14.35000362923714
4518,2018-10-01,139.67,139.81,137.15,137.77,435740,RACE,Ferrari,1,14.827471245207539
4541,2018-11-01,120.03,120.4,118.13,119.98,1091164,RACE,Ferrari,1,324.939613098822
4643,2014-04-01,28.3662,28.8924,28.2182,28.2346,46569829,GM,General Motors,1,-1.6048036075845693
4664,2014-05-01,28.5059,29.1062,28.3991,28.6951,19572572,GM,General Motors,1,-7.9240548571135205
4706,2014-07-01,30.0536,31.206,30.0536,31.1646,23414138,GM,General Motors,1,12.41059158343523
4728,2014-08-01,28.0141,28.1882,27.6079,27.7239,15343820,GM,General Motors,1,2.0307594922733245
4770,2014-10-01,26.7372,27.6237,26.5197,27.1721,31138729,GM,General Motors,1,-1.3659595475599327
4812,2014-12-01,27.8579,27.9917,27.4815,27.5484,14391915,GM,General Motors,1,-11.859504528860883
4895,2015-04-01,31.7059,31.791,31.1019,31.2551,16631209,GM,General Motors,1,3.7269224514720096
4916,2015-05-01,29.9194,30.1747,29.6132,30.1321,15307418,GM,General Motors,1,-2.100803477729727
4936,2015-06-01,30.6766,30.9148,30.3278,30.7787,12012462,GM,General Motors,1,8.381428596580813
4958,2015-07-01,28.8885,28.8885,28.0883,28.3985,16169466,GM,General Motors,1,15.362741553498221
5001,2015-09-01,25.0808,25.2441,24.4104,24.6167,16687443,GM,General Motors,1,-7.75356181939458
5022,2015-10-01,26.3552,26.7554,26.0855,26.6858,18261874,GM,General Motors,1,-15.41662836730619
5064,2015-12-01,31.2799,31.6193,31.1494,31.5497,12656421,GM,General Motors,1,19.170144856371234
5105,2016-02-01,25.903000000000002,26.5888,25.5865,26.4745,13831720,GM,General Motors,1,0.33312363093387415
5125,2016-03-01,26.3954,26.58,25.4282,26.3866,21007310,GM,General Motors,1,-2.7293840085523557
5147,2016-04-01,27.7591,27.7769,26.9935,27.127,17421708,GM,General Motors,1,0.8269992008771772
5189,2016-06-01,27.7324,27.7324,26.5929,26.9045,26002285,GM,General Motors,1,3.2723015507446616
5211,2016-07-01,25.8717,26.1332,25.5741,26.052,15157864,GM,General Motors,1,-7.69982958551371
5231,2016-08-01,28.4417,28.5138,28.1351,28.2253,11190647,GM,General Motors,1,-1.572384067624025
5254,2016-09-01,28.7303,29.3525,28.2614,28.6762,14898781,GM,General Motors,1,-0.19281905636998561
5296,2016-11-01,28.9324,29.2792,28.4669,28.7316,14668318,GM,General Motors,1,-13.587613611072683
5317,2016-12-01,31.7708,33.4593,31.7526,33.2494,37092255,GM,General Motors,1,-0.27922321361625474
5358,2017-02-01,33.8407,34.2374,33.0842,33.3425,13744086,GM,General Motors,1,-3.4465883061561864
5377,2017-03-01,34.3205,34.8279,34.302,34.5327,10702571,GM,General Motors,1,8.336182961835892
5419,2017-05-01,32.2763,32.2949,31.8103,31.8755,12790516,GM,General Motors,1,-0.6681229919694397
5441,2017-06-01,31.745,32.5,30.8037,32.0899,22657829,GM,General Motors,1,-3.5409508865903687
5483,2017-08-01,33.135999999999996,33.3575,33.0983,33.2679,7991646,GM,General Motors,1,-5.514152470647057
5506,2017-09-01,34.6156,35.5769,34.5402,35.2094,17975025,GM,General Motors,1,-14.251827750636844
5548,2017-11-01,40.6711,41.2899,39.8904,41.0614,14701339,GM,General Motors,1,0.7945956693676922
5569,2017-12-01,41.1186,41.1757,39.8619,40.7377,19324718,GM,General Motors,1,-0.06084023305735946
5610,2018-02-01,40.4647,40.9258,40.3013,40.7625,9629833,GM,General Motors,1,12.278541680438957
5629,2018-03-01,38.0341,38.0341,35.9398,36.3048,26183081,GM,General Motors,1,2.716680907408771
5671,2018-05-01,35.6745,35.8686,34.8302,35.3446,11381238,GM,General Motors,1,-15.694440469034737
5693,2018-06-01,41.7109,42.036,41.08,41.9244,24461816,GM,General Motors,1,15.310607352480076
5735,2018-08-01,37.092,37.092,36.1033,36.3578,11179703,GM,General Motors,1,7.427291610650011
5777,2018-10-01,33.9431,34.1806,33.6363,33.8441,13746055,GM,General Motors,1,-6.224352668984916
5800,2018-11-01,35.8629,36.3082,35.3236,36.0905,15233151,GM,General Motors,1,16.808319200445336
5902,2014-04-01,30.9587,31.0113,30.7673,30.8972,447542,HMC,Honda Motors Company,1,4.543839644315717
5923,2014-05-01,29.4577,29.5806,29.3787,29.5543,808385,HMC,Honda Motors Company,1,-5.000032144211787
5965,2014-07-01,30.9597,31.1539,30.9508,31.1098,314806,HMC,Honda Motors Company,1,1.820740668008576
5987,2014-08-01,30.8449,30.889,30.5181,30.5535,1120345,HMC,Honda Motors Company,1,1.8514505918708144
6029,2014-10-01,30.3088,30.3265,29.9182,29.9981,694921,HMC,Honda Motors Company,1,10.750901754036214
6071,2014-12-01,26.9796,27.1572,26.8731,27.0861,1479285,HMC,Honda Motors Company,1,-7.779756291048004
6154,2015-04-01,29.3531,29.398000000000003,29.1062,29.3711,864777,HMC,Honda Motors Company,1,-4.412731473947988
6175,2015-05-01,30.6192,30.726999999999997,30.5025,30.726999999999997,745652,HMC,Honda Motors Company,1,-0.14591234210432877
6195,2015-06-01,30.8347,30.8347,30.5743,30.7719,262413,HMC,Honda Motors Company,1,7.497083050954023
6217,2015-07-01,28.7964,28.8234,28.5674,28.6258,413949,HMC,Honda Motors Company,1,4.886762103319277
6260,2015-09-01,27.3011,27.554000000000002,27.2108,27.2921,775550,HMC,Honda Motors Company,1,0.11481687991548914
6281,2015-10-01,27.2517,27.3517,27.0573,27.2608,432498,HMC,Honda Motors Company,1,-9.934054896985561
6323,2015-12-01,30.1404,30.3584,30.1041,30.2676,459772,HMC,Honda Motors Company,1,19.4431071087504
6364,2016-02-01,25.2401,25.4412,25.0162,25.3406,1484503,HMC,Honda Motors Company,1,3.818751664379205
6384,2016-03-01,23.7963,24.4634,23.7506,24.4085,1589318,HMC,Honda Motors Company,1,0.794928972580123
6406,2016-04-01,24.2621,24.3726,24.0963,24.215999999999998,719464,HMC,Honda Motors Company,1,-5.090378917334267
6448,2016-06-01,25.6161,25.6161,25.3674,25.5148,619327,HMC,Honda Motors Company,1,9.31650407235555
6470,2016-07-01,23.331,23.4843,23.2381,23.3403,1386523,HMC,Honda Motors Company,1,-7.951412852720215
6490,2016-08-01,25.3751,25.5238,25.3379,25.3565,830398,HMC,Honda Motors Company,1,-11.33873906004692
6513,2016-09-01,28.7758,28.8966,28.432,28.5993,652902,HMC,Honda Motors Company,1,5.317950153193491
6555,2016-11-01,27.5013,27.52,26.94,27.1552,832298,HMC,Honda Motors Company,1,-1.9915544808171097
6576,2016-12-01,27.6977,27.9362,27.6182,27.706999999999997,900846,HMC,Honda Motors Company,1,-1.8356002281657249
6617,2017-02-01,28.4795,28.4795,28.1591,28.2251,982056,HMC,Honda Motors Company,1,-4.2506131670630065
6636,2017-03-01,29.4498,29.544,29.4498,29.4781,483368,HMC,Honda Motors Company,1,6.844196043465342
6678,2017-05-01,27.4949,27.6193,27.4665,27.5898,684000,HMC,Honda Motors Company,1,2.7924427074213076
6700,2017-06-01,26.6031,26.8688,26.5783,26.8403,869438,HMC,Honda Motors Company,1,-2.7197570195754333
6742,2017-08-01,27.6385,27.6863,27.4281,27.5907,1043486,HMC,Honda Motors Company,1,2.2688352990889005
6765,2017-09-01,26.9595,27.0742,26.9308,26.9786,447075,HMC,Honda Motors Company,1,-12.743985070620237
6807,2017-11-01,30.7637,30.9189,30.6375,30.9189,830473,HMC,Honda Motors Company,1,-4.5235580753339635
6828,2017-12-01,32.4032,32.4711,32.1316,32.3838,678030,HMC,Honda Motors Company,1,-5.734720075449955
6869,2018-02-01,34.2855,34.4125,34.1878,34.3539,676862,HMC,Honda Motors Company,1,0.14254481853958104
6888,2018-03-01,35.106,35.1744,34.1878,34.305,1110873,HMC,Honda Motors Company,1,2.808079597218885
6930,2018-05-01,33.4566,33.5058,33.2007,33.368,390820,HMC,Honda Motors Company,1,5.93553958296295
6952,2018-06-01,31.3803,31.5574,31.3803,31.4984,335366,HMC,Honda Motors Company,1,3.765050814514671
6994,2018-08-01,30.6035,30.7027,30.2067,30.3555,535251,HMC,Honda Motors Company,1,-0.21203155818541236
7036,2018-10-01,30.38,30.42,30.24,30.42,796812,HMC,Honda Motors Company,1,5.4785020804438345
7059,2018-11-01,28.65,28.85,28.57,28.84,1117307,HMC,Honda Motors Company,1,549.5495495495494
7141,2017-11-01,4.25,4.44,4.24,4.44,53723,FUV,Arcimoto,1,45.140727664999524
7162,2017-12-01,3.19,3.2599,2.81,3.0591,69127,FUV,Arcimoto,1,-4.700934579439253
7203,2018-02-01,3.2103,3.48,3.11,3.21,10475,FUV,Arcimoto,1,8.445945945945946
7222,2018-03-01,2.86,3.4,2.85,2.96,13238,FUV,Arcimoto,1,-0.671140939597316
7264,2018-05-01,2.9,2.98,2.9,2.98,4772,FUV,Arcimoto,1,-5.0955414012738895
7286,2018-06-01,3.016,3.14,3.0,3.14,17062,FUV,Arcimoto,1,-11.549295774647879
7328,2018-08-01,3.65,3.65,3.55,3.55,20255,FUV,Arcimoto,1,-5.3333333333333375
7370,2018-10-01,3.65,3.8373,3.65,3.75,25160,FUV,Arcimoto,1,24.172185430463575
7393,2018-11-01,3.14,3.1845,2.951,3.02,35635,FUV,Arcimoto,1,-94.96998647559278
7495,2014-04-01,59.2565,60.0572,59.0629,60.0396,1049499,HOG,Harley Davidson,1,-6.521580051161255
7516,2014-05-01,65.117,65.2314,64.0787,64.2283,1489552,HOG,Harley Davidson,1,3.3786045852835818
7558,2014-07-01,61.9702,62.4119,61.7935,62.1292,1184558,HOG,Harley Davidson,1,12.871064086446566
7580,2014-08-01,55.0002,55.5391,54.8235,55.0444,2626259,HOG,Harley Davidson,1,7.646305332016546
7622,2014-10-01,51.6934,51.9684,51.0813,51.1345,2805330,HOG,Harley Davidson,1,-16.147795158219587
7664,2014-12-01,61.8245,61.9665,60.9196,60.9817,1157028,HOG,Harley Davidson,1,13.010902338545122
7747,2015-04-01,54.3368,54.6949,53.7013,53.9609,1733246,HOG,Harley Davidson,1,6.520627663711546
7768,2015-05-01,50.7472,50.8278,50.4518,50.6577,2044349,HOG,Harley Davidson,1,5.416743835670604
7788,2015-06-01,48.3157,48.3157,47.7937,48.0547,2347974,HOG,Harley Davidson,1,-4.830682518086342
7810,2015-07-01,51.2229,51.25899999999999,50.3499,50.4939,1928251,HOG,Harley Davidson,1,2.653246267442987
7853,2015-09-01,49.3148,49.8908,48.8468,49.1888,2150306,HOG,Harley Davidson,1,0.4638319339402024
7874,2015-10-01,49.6497,49.7402,48.0927,48.9617,2672532,HOG,Harley Davidson,1,10.568200551466852
7916,2015-12-01,44.3543,44.8341,43.9922,44.2819,1956008,HOG,Harley Davidson,1,21.102952236397698
7957,2016-02-01,36.3195,36.766,35.6453,36.5655,3584092,HOG,Harley Davidson,1,-9.776523217453747
7977,2016-03-01,40.2426,40.6289,39.8196,40.5277,1656350,HOG,Harley Davidson,1,-14.692175567698628
7999,2016-04-01,47.0294,47.7835,46.588,47.5076,2442990,HOG,Harley Davidson,1,10.86074850536946
8041,2016-06-01,42.8719,42.9229,42.4084,42.8534,1323400,HOG,Harley Davidson,1,-14.783366078317512
8063,2016-07-01,42.0933,50.7696,42.0284,50.2876,23131679,HOG,Harley Davidson,1,5.013490147598079
8083,2016-08-01,48.9435,49.3421,47.8404,47.8868,3531600,HOG,Harley Davidson,1,-2.3254580648582652
8106,2016-09-01,49.0177,49.3792,48.5078,49.0269,1110510,HOG,Harley Davidson,1,-6.734275751470982
8148,2016-11-01,53.5188,53.5374,51.993,52.5669,1552717,HOG,Harley Davidson,1,-9.247714658126668
8169,2016-12-01,57.0649,58.1848,56.8503,57.9235,2122018,HOG,Harley Davidson,1,9.055051398877884
8210,2017-02-01,53.5927,54.0807,52.5133,53.114,4032754,HOG,Harley Davidson,1,-3.716191719237179
8229,2017-03-01,54.3516,55.5891,54.1155,55.163999999999994,2471347,HOG,Harley Davidson,1,3.564415173827653
8271,2017-05-01,54.21,54.4461,52.9725,53.2654,2171061,HOG,Harley Davidson,1,5.048564751358332
8293,2017-06-01,50.7721,51.3333,50.5248,50.7055,1450453,HOG,Harley Davidson,1,10.281132009813303
8335,2017-08-01,45.8262,46.0544,45.2555,45.9784,1584452,HOG,Harley Davidson,1,2.047909587466178
8358,2017-09-01,44.9416,45.2931,44.9036,45.0557,1222191,HOG,Harley Davidson,1,-1.663112727177489
8400,2017-11-01,45.5397,46.1244,45.5397,45.8177,877830,HOG,Harley Davidson,1,-4.457285132790596
8421,2017-12-01,48.099,48.1661,46.8433,47.9552,2514588,HOG,Harley Davidson,1,2.037767966381181
8462,2018-02-01,46.1189,47.2099,46.06100000000001,46.9975,3681127,HOG,Harley Davidson,1,7.088252249542583
8481,2018-03-01,44.4316,44.5872,43.8186,43.8867,2721356,HOG,Harley Davidson,1,10.753681341560346
8523,2018-05-01,39.9563,39.966,39.0418,39.6255,2061243,HOG,Harley Davidson,1,-0.7516480654016482
8545,2018-06-01,40.4654,40.5189,39.2877,39.9256,2581131,HOG,Harley Davidson,1,-4.64139253718152
8587,2018-08-01,42.2124,42.2222,41.2506,41.8689,2474121,HOG,Harley Davidson,1,-7.330941477741808
8629,2018-10-01,45.1712,45.7452,44.9225,45.1811,1974538,HOG,Harley Davidson,1,16.187407422646473
8652,2018-11-01,38.0056,39.2823,37.961,38.8864,2773029,HOG,Harley Davidson,1,206.18971504161388
8739,2014-12-01,12.6501,12.84,12.6302,12.7001,1288969,FCAU,Fiat Chrysler,1,-22.310717977892374
8822,2015-04-01,16.4372,16.4372,16.1674,16.3473,4536316,FCAU,Fiat Chrysler,1,11.672564316259754
8843,2015-05-01,14.7485,14.9184,14.3888,14.6386,7622850,FCAU,Fiat Chrysler,1,-10.067394469598765
8863,2015-06-01,16.0375,16.2773,15.9076,16.2773,5829337,FCAU,Fiat Chrysler,1,11.346503769170779
8885,2015-07-01,14.7385,14.7885,14.5287,14.6186,4916670,FCAU,Fiat Chrysler,1,7.179201431148001
8928,2015-09-01,13.6194,13.8092,13.5295,13.6394,5619688,FCAU,Fiat Chrysler,1,0.9615455790369815
8949,2015-10-01,13.4195,13.5394,13.1497,13.5095,7543001,FCAU,Fiat Chrysler,1,-5.055907343505122
8991,2015-12-01,14.3288,14.3288,14.069,14.2289,11512498,FCAU,Fiat Chrysler,1,102.98002853067048
9032,2016-02-01,6.84,7.05,6.79,7.01,5892956,FCAU,Fiat Chrysler,1,-4.49591280653951
9052,2016-03-01,7.12,7.385,7.02,7.34,6723472,FCAU,Fiat Chrysler,1,-5.045278137128079
9074,2016-04-01,7.76,7.76,7.6,7.73,4877508,FCAU,Fiat Chrysler,1,9.801136363636369
9116,2016-06-01,7.07,7.08,6.915,7.04,7569823,FCAU,Fiat Chrysler,1,12.820512820512816
9138,2016-07-01,6.28,6.35,6.19,6.24,4760665,FCAU,Fiat Chrysler,1,-1.4218009478672962
9158,2016-08-01,6.41,6.41,6.3,6.33,2993977,FCAU,Fiat Chrysler,1,-7.048458149779729
9181,2016-09-01,6.82,6.8975,6.72,6.81,5127508,FCAU,Fiat Chrysler,1,-5.939226519337025
9223,2016-11-01,7.44,7.46,7.13,7.24,14935938,FCAU,Fiat Chrysler,1,-6.459948320413436
9244,2016-12-01,7.72,7.8,7.595,7.74,17118219,FCAU,Fiat Chrysler,1,-29.508196721311474
9285,2017-02-01,11.04,11.08,10.8,10.98,9160485,FCAU,Fiat Chrysler,1,-0.5434782608695536
9304,2017-03-01,11.03,11.155,11.0,11.04,5620898,FCAU,Fiat Chrysler,1,-3.242769500438221
9346,2017-05-01,11.39,11.5,11.345,11.41,4066838,FCAU,Fiat Chrysler,1,2.423698384201073
9368,2017-06-01,10.67,11.155,10.59,11.14,18382225,FCAU,Fiat Chrysler,1,-7.705053852526923
9410,2017-08-01,12.01,12.095,11.96,12.07,2346198,FCAU,Fiat Chrysler,1,-23.896595208070615
9433,2017-09-01,15.51,16.03,15.43,15.86,9520877,FCAU,Fiat Chrysler,1,-9.783845278725819
9475,2017-11-01,17.64,17.66,17.51,17.58,2322819,FCAU,Fiat Chrysler,1,2.867173785839663
9496,2017-12-01,17.1,17.14,16.785,17.09,4373890,FCAU,Fiat Chrysler,1,-28.850957535387177
9537,2018-02-01,23.75,24.18,23.61,24.02,4681276,FCAU,Fiat Chrysler,1,16.658572122389508
9556,2018-03-01,20.97,21.16,20.29,20.59,6851304,FCAU,Fiat Chrysler,1,-6.024646280237335
9598,2018-05-01,22.13,22.19,21.53,21.91,4851136,FCAU,Fiat Chrysler,1,1.6705336426914126
9620,2018-06-01,22.8,22.8,21.34,21.55,13196330,FCAU,Fiat Chrysler,1,29.819277108433727
9662,2018-08-01,16.89,16.92,16.44,16.6,6874783,FCAU,Fiat Chrysler,1,-7.726514730405764
9704,2018-10-01,18.14,18.1905,17.85,17.99,3504666,FCAU,Fiat Chrysler,1,14.659018483110255
9727,2018-11-01,15.49,15.72,15.35,15.69,8216468,FCAU,Fiat Chrysler,1,24.00123289944756
9829,2014-04-01,12.1491,12.7578,12.1491,12.6531,84938937,F,Ford,1,1.7817497345474493
9850,2014-05-01,12.6191,12.6582,12.3847,12.4316,30722099,F,Ford,1,-7.553876585808412
9892,2014-07-01,13.549000000000001,13.5959,13.338,13.4474,36171515,F,Ford,1,1.6509184367677
9914,2014-08-01,13.4178,13.5201,13.1581,13.229000000000001,33677955,F,Ford,1,15.216122767137858
9956,2014-10-01,11.6235,11.6708,11.4583,11.4819,55948262,F,Ford,1,-8.299590291587808
9998,2014-12-01,12.529000000000002,12.6163,12.4655,12.5211,30022014,F,Ford,1,-1.8807156122904782
10081,2015-04-01,12.9616,12.9616,12.713,12.7611,27365883,F,Ford,1,-0.30780047654387543
10102,2015-05-01,12.8733,12.9057,12.7114,12.8005,20602237,F,Ford,1,2.930179075433615
10122,2015-06-01,12.4118,12.509,12.2985,12.4361,26685260,F,Ford,1,2.4685864952828234
10144,2015-07-01,12.258,12.2823,11.9827,12.1365,31744459,F,Ford,1,8.151098754210553
10187,2015-09-01,11.4058,11.5735,11.1237,11.2218,50482920,F,Ford,1,0.3658023951560304
10208,2015-10-01,11.2545,11.2709,11.0173,11.1809,33326894,F,Ford,1,-7.0581878636741475
10250,2015-12-01,11.8318,12.03,11.807,12.03,29142177,F,Ford,1,16.723589226111923
10291,2016-02-01,10.1783,10.3662,10.0161,10.3064,37301185,F,Ford,1,-7.7925098860200075
10311,2016-03-01,11.1091,11.203,10.8614,11.1774,71523944,F,Ford,1,-0.0759885212633738
10333,2016-04-01,11.3396,11.3785,11.1432,11.1859,57914024,F,Ford,1,-1.166294100495672
10375,2016-06-01,11.5942,11.6028,11.1971,11.3179,58219591,F,Ford,1,3.066149419007034
10397,2016-07-01,11.1194,11.128,10.950999999999999,10.9812,45067772,F,Ford,1,0.8170984741374435
10417,2016-08-01,11.0056,11.0144,10.8224,10.8922,51963117,F,Ford,1,0.3214427159606935
10440,2016-09-01,11.0493,11.1016,10.7787,10.8573,40510406,F,Ford,1,5.830920841009448
10482,2016-11-01,10.4093,10.4623,10.1619,10.2591,35613573,F,Ford,1,-6.597048353469237
10503,2016-12-01,10.807,11.3106,10.7628,10.9837,95143559,F,Ford,1,-0.7024427287685111
10544,2017-02-01,11.1781,11.2948,10.9716,11.0614,44396812,F,Ford,1,-2.915671956185916
10563,2017-03-01,11.3667,11.4475,11.3577,11.3936,36178588,F,Ford,1,9.643458595967845
10605,2017-05-01,10.4552,10.5007,10.3733,10.3915,32118379,F,Ford,1,0.08764832793959111
10627,2017-06-01,10.2368,10.5007,10.1003,10.3824,76707185,F,Ford,1,2.8795655879030635
10669,2017-08-01,10.2393,10.2761,10.0181,10.0918,65140080,F,Ford,1,-3.5246881124229286
10692,2017-09-01,10.3038,10.5342,10.2669,10.4605,64560278,F,Ford,1,-9.223840186056204
10734,2017-11-01,11.5701,11.6354,11.4536,11.5234,43495830,F,Ford,1,-1.8282501277900751
10755,2017-12-01,11.7754,11.85,11.5234,11.738,52458736,F,Ford,1,12.44910667241462
10796,2018-02-01,10.4672,10.515,10.3716,10.4385,41352192,F,Ford,1,6.122220753738701
10815,2018-03-01,10.1804,10.2187,9.7503,9.8363,75841414,F,Ford,1,-9.824899156582324
10857,2018-05-01,10.8983,10.9951,10.753,10.908,61430446,F,Ford,1,-3.8425938169412652
10879,2018-06-01,11.3051,11.402000000000001,11.247,11.3439,35406189,F,Ford,1,16.64318838493413
10921,2018-08-01,9.8825,9.9006,9.6467,9.7253,44126692,F,Ford,1,6.223581453770965
10963,2018-10-01,9.2636,9.2734,9.1359,9.1555,44864717,F,Ford,1,-1.4477933261571496
10986,2018-11-01,9.54,9.55,9.26,9.29,59794356,F,Ford,1,-41.20253164556963
11088,2014-04-01,15.56,16.4,15.4,15.8,2486345,KNDI,Kandi Technologies Inc,1,38.71817383669886
11109,2014-05-01,11.07,11.749,11.07,11.39,1022357,KNDI,Kandi Technologies Inc,1,-19.845179451090782
11151,2014-07-01,14.26,15.15,14.11,14.21,2308943,KNDI,Kandi Technologies Inc,1,-16.115702479338843
11173,2014-08-01,16.9,17.575,16.45,16.94,2313662,KNDI,Kandi Technologies Inc,1,40.81463009143809
11215,2014-10-01,12.95,12.98,11.8901,12.03,2125609,KNDI,Kandi Technologies Inc,1,-11.674008810572687
11257,2014-12-01,13.99,14.01,13.41,13.62,918642,KNDI,Kandi Technologies Inc,1,10.551948051948044
11340,2015-04-01,12.36,12.48,12.210999999999999,12.32,270710,KNDI,Kandi Technologies Inc,1,0.9836065573770574
11361,2015-05-01,12.07,12.24,12.02,12.2,257031,KNDI,Kandi Technologies Inc,1,27.748691099476424
11381,2015-06-01,9.47,9.69,9.31,9.55,500335,KNDI,Kandi Technologies Inc,1,8.893956670467515
11403,2015-07-01,9.05,9.17,8.57,8.77,789290,KNDI,Kandi Technologies Inc,1,38.32807570977918
11446,2015-09-01,6.5,6.7,6.2701,6.34,418444,KNDI,Kandi Technologies Inc,1,17.407407407407398
11467,2015-10-01,5.25,5.44,5.2,5.4,219136,KNDI,Kandi Technologies Inc,1,-47.21407624633431
11509,2015-12-01,10.3,10.42,10.02,10.23,392407,KNDI,Kandi Technologies Inc,1,30.651340996168585
11550,2016-02-01,7.72,7.9,7.44,7.83,223395,KNDI,Kandi Technologies Inc,1,9.052924791086356
11570,2016-03-01,7.09,7.2,6.95,7.18,361177,KNDI,Kandi Technologies Inc,1,0.0
11592,2016-04-01,7.17,7.34,7.11,7.18,185305,KNDI,Kandi Technologies Inc,1,4.817518248175183
11634,2016-06-01,6.91,6.99,6.81,6.85,196297,KNDI,Kandi Technologies Inc,1,-4.728789986091804
11656,2016-07-01,7.13,7.25,7.08,7.19,182113,KNDI,Kandi Technologies Inc,1,3.3045977011494316
11676,2016-08-01,7.02,7.15,6.95,6.96,313041,KNDI,Kandi Technologies Inc,1,12.987012987012983
11699,2016-09-01,6.26,6.28,6.12,6.16,166803,KNDI,Kandi Technologies Inc,1,25.714285714285705
11741,2016-11-01,5.0,5.1,4.75,4.9,283688,KNDI,Kandi Technologies Inc,1,2.0833333333333446
11762,2016-12-01,5.05,5.1,4.6,4.8,623069,KNDI,Kandi Technologies Inc,1,14.285714285714276
11803,2017-02-01,4.25,4.45,4.2,4.2,192947,KNDI,Kandi Technologies Inc,1,3.7037037037037126
11822,2017-03-01,4.1,4.11,4.05,4.05,144277,KNDI,Kandi Technologies Inc,1,0.0
11864,2017-05-01,4.0,4.15,4.0,4.05,85871,KNDI,Kandi Technologies Inc,1,-2.9940119760479043
11886,2017-06-01,4.15,4.25,4.15,4.175,63233,KNDI,Kandi Technologies Inc,1,4.374999999999996
11928,2017-08-01,4.0,4.05,4.0,4.0,87928,KNDI,Kandi Technologies Inc,1,0.0
11951,2017-09-01,3.95,4.0,3.9,4.0,50424,KNDI,Kandi Technologies Inc,1,-41.605839416058394
11993,2017-11-01,7.45,7.5,6.6,6.85,948936,KNDI,Kandi Technologies Inc,1,-6.802721088435375
12014,2017-12-01,6.85,7.4,6.8,7.35,486553,KNDI,Kandi Technologies Inc,1,26.72413793103448
12055,2018-02-01,6.0,6.0489,5.75,5.8,453213,KNDI,Kandi Technologies Inc,1,13.725490196078436
12074,2018-03-01,5.4,5.45,5.1,5.1,240989,KNDI,Kandi Technologies Inc,1,4.0816326530612095
12116,2018-05-01,4.85,4.95,4.8,4.9,50783,KNDI,Kandi Technologies Inc,1,-9.25925925925926
12138,2018-06-01,5.5,5.55,5.4,5.4,110667,KNDI,Kandi Technologies Inc,1,44.000000000000014
12180,2018-08-01,3.95,4.0,3.75,3.75,116818,KNDI,Kandi Technologies Inc,1,-26.18110236220473
12222,2018-10-01,4.99,5.14,4.83,5.08,388445,KNDI,Kandi Technologies Inc,1,5.833333333333339
12245,2018-11-01,4.87,4.93,4.67,4.8,310814,KNDI,Kandi Technologies Inc,1,-27.27272727272727
12311,2018-10-01,7.06,7.08,6.6,6.6,16429120,NIO,NIO,1,-0.3021148036253846
12334,2018-11-01,6.0,6.78,5.96,6.62,24330932,NIO,NIO,1,-81.56476698366727
12436,2014-04-01,35.3517,36.1087,35.2919,35.9095,1221294,TTM,Tata Motors,1,-3.4028702470779715
12457,2014-05-01,37.3638,37.6128,37.0056,37.1745,998361,TTM,Tata Motors,1,-7.7837285394284095
12499,2014-07-01,39.9636,40.4916,39.7544,40.3123,1127603,TTM,Tata Motors,1,3.1084226411233575
12521,2014-08-01,38.6371,39.2869,38.5072,39.097,1025827,TTM,Tata Motors,1,-11.315109571671272
12563,2014-10-01,43.7204,44.6051,43.6954,44.0853,1389745,TTM,Tata Motors,1,-3.3106845517471353
12605,2014-12-01,46.1446,46.2146,45.2849,45.5948,854414,TTM,Tata Motors,1,-0.8263240434412823
12688,2015-04-01,45.9947,46.1646,45.4749,45.9747,1790502,TTM,Tata Motors,1,11.32912955671466
12709,2015-05-01,41.3762,41.4962,40.8964,41.2962,1109482,TTM,Tata Motors,1,8.968425274557097
12729,2015-06-01,38.3372,38.4772,37.7274,37.8974,1506726,TTM,Tata Motors,1,9.693329666989886
12751,2015-07-01,35.4282,35.6531,34.5285,34.5485,2046888,TTM,Tata Motors,1,42.5744576364214
12794,2015-09-01,24.4319,24.6318,24.131999999999998,24.2319,2202556,TTM,Tata Motors,1,8.553215127270112
12815,2015-10-01,22.4925,22.6225,21.9727,22.3226,1390630,TTM,Tata Motors,1,-27.711085276087523
12857,2015-12-01,31.1596,31.3895,30.6698,30.8797,2458593,TTM,Tata Motors,1,21.137241825706614
12898,2016-02-01,24.8117,25.6215,24.7418,25.4915,2013972,TTM,Tata Motors,1,7.458867469574773
12918,2016-03-01,23.2722,23.881999999999998,23.2423,23.7221,1608225,TTM,Tata Motors,1,-17.374540236290677
12940,2016-04-01,28.2906,28.7504,28.0906,28.7104,912464,TTM,Tata Motors,1,-13.805619519107509
12982,2016-06-01,32.7891,33.4938,32.6091,33.3089,1658812,TTM,Tata Motors,1,-4.087432763962634
13004,2016-07-01,34.7684,34.8984,34.6085,34.7284,1231089,TTM,Tata Motors,1,-8.585417215056596
13024,2016-08-01,37.88,38.38,37.82,37.99,1067778,TTM,Tata Motors,1,-7.880698351115421
13047,2016-09-01,40.85,41.39,40.85,41.24,2059147,TTM,Tata Motors,1,5.5811571940604185
13089,2016-11-01,39.35,39.65,38.8087,39.06,1036586,TTM,Tata Motors,1,20.518358531317517
13110,2016-12-01,32.61,32.63,32.31,32.41,916603,TTM,Tata Motors,1,-18.115209701869635
13151,2017-02-01,39.81,39.87,38.83,39.58,1262494,TTM,Tata Motors,1,16.96217494089833
13170,2017-03-01,33.98,34.0,33.49,33.84,974929,TTM,Tata Motors,1,-3.7816320727893036
13212,2017-05-01,35.72,35.74,35.08,35.17,1049565,TTM,Tata Motors,1,-5.253232758620679
13234,2017-06-01,37.0,37.35,36.91,37.12,736546,TTM,Tata Motors,1,6.605399195864438
13276,2017-08-01,34.49,34.845,34.34,34.82,1165650,TTM,Tata Motors,1,14.014407334643094
13299,2017-09-01,30.49,30.72,30.3,30.54,1266562,TTM,Tata Motors,1,-7.42649287662929
13341,2017-11-01,33.53,33.66,32.97,32.99,2126029,TTM,Tata Motors,1,7.21481962950927
13362,2017-12-01,31.0,31.0,30.62,30.77,963432,TTM,Tata Motors,1,-0.3239390994493081
13403,2018-02-01,30.89,30.89,30.46,30.87,1107729,TTM,Tata Motors,1,10.328806290207293
13422,2018-03-01,28.23,28.53,27.9199,27.98,1211274,TTM,Tata Motors,1,10.157480314960637
13464,2018-05-01,25.1,25.47,25.04,25.4,1504286,TTM,Tata Motors,1,18.580765639589153
13486,2018-06-01,21.25,21.43,21.21,21.42,2335518,TTM,Tata Motors,1,12.500000000000014
13528,2018-08-01,19.11,19.32,18.84,19.04,3011997,TTM,Tata Motors,1,22.286448298008985
13570,2018-10-01,15.68,15.76,15.5,15.57,1261243,TTM,Tata Motors,1,23.08300395256917
13593,2018-11-01,12.33,12.68,12.2,12.65,2699073,TTM,Tata Motors,1,157.17654712531512
13695,2014-04-01,4.7796,4.9745,4.7796,4.9188,107241,SPAR,Spartan Motors,1,1.3391569491944537
13716,2014-05-01,4.9002,4.9466,4.7146,4.8538,94703,SPAR,Spartan Motors,1,11.399784260173044
13758,2014-07-01,4.4508,4.4602,4.2915,4.3571,767935,SPAR,Spartan Motors,1,7.638528619778148
13780,2014-08-01,4.0479,4.0854,4.0104,4.0479,108195,SPAR,Spartan Motors,1,-6.087743312530439
13822,2014-10-01,4.3946,4.4134,4.3009,4.3103,79018,SPAR,Spartan Motors,1,-6.403630678363593
13864,2014-12-01,4.7187,4.7376,4.5863,4.6052,61050,SPAR,Spartan Motors,1,-1.2183612183612176
13947,2015-04-01,4.5863,4.6998,4.5485,4.662,63374,SPAR,Spartan Motors,1,6.022014008914767
13968,2015-05-01,4.4539,4.4728,4.3499,4.3972,85721,SPAR,Spartan Motors,1,0.20737904787949477
13988,2015-06-01,4.4073,4.5124,4.369,4.3881,463639,SPAR,Spartan Motors,1,0.6560385365294176
14010,2015-07-01,4.4455,4.5029,4.3327,4.3595,85633,SPAR,Spartan Motors,1,5.312107449995169
14053,2015-09-01,4.0918,4.2065,4.0918,4.1396,43113,SPAR,Spartan Motors,1,4.337744171392563
14074,2015-10-01,3.9866,4.0009,3.9101,3.9675,99775,SPAR,Spartan Motors,1,13.87118994317203
14116,2015-12-01,3.5326,3.6293,3.4842,3.4842,198239,SPAR,Spartan Motors,1,18.813299232736565
14157,2016-02-01,2.8164,2.9712,2.7849,2.9325,61374,SPAR,Spartan Motors,1,-16.758920207783355
14177,2016-03-01,3.5326,3.6197,3.4358,3.5229,69780,SPAR,Spartan Motors,1,-8.770975761342454
14199,2016-04-01,3.8229,3.8810000000000002,3.8229,3.8616,54113,SPAR,Spartan Motors,1,-38.06973089136223
14241,2016-06-01,6.3428,6.3428,6.1574,6.2354,331594,SPAR,Spartan Motors,1,1.2667684412251972
14263,2016-07-01,6.1086,6.2354,6.011,6.1574,142778,SPAR,Spartan Motors,1,-26.88215456229517
14283,2016-08-01,8.3432,8.592,8.1968,8.4212,365014,SPAR,Spartan Motors,1,-11.849432650839505
14306,2016-09-01,9.6703,9.6703,9.3775,9.5532,182267,SPAR,Spartan Motors,1,20.12373000704155
14348,2016-11-01,8.4407,8.5383,7.9041,7.9528,124173,SPAR,Spartan Motors,1,-5.832761029672953
14369,2016-12-01,8.8873,8.8873,8.3472,8.4454,137246,SPAR,Spartan Motors,1,4.242319513188591
14410,2017-02-01,7.9053,8.2981,7.8562,8.1017,393092,SPAR,Spartan Motors,1,18.70448784633191
14429,2017-03-01,6.6778,7.0706,6.6287,6.8251,277959,SPAR,Spartan Motors,1,-18.234857197623164
14471,2017-05-01,8.1999,8.4454,7.9544,8.3472,213931,SPAR,Spartan Motors,1,-3.394479486140832
14493,2017-06-01,8.4923,8.6898,8.4923,8.6405,122571,SPAR,Spartan Motors,1,-1.1293939948736829
14535,2017-08-01,8.8379,8.8873,8.5911,8.7392,101441,SPAR,Spartan Motors,1,-4.324407173041969
14558,2017-09-01,9.1342,9.2329,9.0354,9.1342,108739,SPAR,Spartan Motors,1,-41.08260123585794
14600,2017-11-01,15.3059,16.2934,14.8616,15.5034,523475,SPAR,Spartan Motors,1,-3.124336078583301
14621,2017-12-01,15.8547,16.0529,14.6656,16.0034,314971,SPAR,Spartan Motors,1,14.539078156312609
14662,2018-02-01,13.1792,14.0711,12.9315,13.972000000000001,542896,SPAR,Spartan Motors,1,-9.032312670499294
14681,2018-03-01,15.3097,15.7556,13.9769,15.3593,362667,SPAR,Spartan Motors,1,-13.888857741946342
14723,2018-05-01,17.6384,17.9357,16.9447,17.8366,359423,SPAR,Spartan Motors,1,11.455065798517824
14745,2018-06-01,15.407,16.0034,15.2579,16.0034,371048,SPAR,Spartan Motors,1,12.195121951219509
14787,2018-08-01,14.7112,14.7112,14.2142,14.2639,240758,SPAR,Spartan Motors,1,-2.44704788088937
14829,2018-10-01,14.7509,14.7708,14.3633,14.6217,218705,SPAR,Spartan Motors,1,97.44912427585648
14852,2018-11-01,7.117000000000001,7.8228,7.0077,7.4053,1107696,SPAR,Spartan Motors,1,573.209090909091
14954,2014-04-01,1.003,1.1,1.003,1.1,220,WKHS,Workhorse Group Inc,1,2.803738317757012
14973,2014-05-01,1.02,1.08,1.02,1.07,5795,WKHS,Workhorse Group Inc,1,6.679960119641095
15011,2014-07-01,1.149,1.149,1.003,1.003,1861,WKHS,Workhorse Group Inc,1,-49.85000000000001
15067,2014-10-01,2.199,2.199,1.902,2.0,7395,WKHS,Workhorse Group Inc,1,29.032258064516125
15108,2014-12-01,1.59,1.59,1.55,1.55,1123,WKHS,Workhorse Group Inc,1,-58.33333333333333
15190,2015-04-01,3.6,3.72,3.6,3.72,6188,WKHS,Workhorse Group Inc,1,1.9122239877267084
15211,2015-05-01,3.6741,3.75,3.4874,3.6502,3346,WKHS,Workhorse Group Inc,1,21.673333333333332
15231,2015-06-01,3.38,3.38,2.95,3.0,1350,WKHS,Workhorse Group Inc,1,66.66666666666666
15252,2015-07-01,2.0,2.0606,1.706,1.8,8300,WKHS,Workhorse Group Inc,1,-56.09756097560976
15295,2015-09-01,3.5,4.35,3.302,4.1,48861,WKHS,Workhorse Group Inc,1,-12.765957446808521
15316,2015-10-01,4.7989999999999995,4.7989999999999995,4.6375,4.7,471,WKHS,Workhorse Group Inc,1,-7.843137254901951
15358,2015-12-01,4.8,5.25,4.8,5.1,25227,WKHS,Workhorse Group Inc,1,9.020949123557068
15399,2016-02-01,4.77,4.77,4.6541,4.678,2985,WKHS,Workhorse Group Inc,1,-12.067669172932337
15419,2016-03-01,5.13,5.33,5.1,5.32,6188,WKHS,Workhorse Group Inc,1,-43.46439957492029
15441,2016-04-01,9.11,9.5,9.05,9.41,95916,WKHS,Workhorse Group Inc,1,35.39568345323741
15483,2016-06-01,7.0,7.0,6.8,6.95,18234,WKHS,Workhorse Group Inc,1,4.354354354354355
15505,2016-07-01,7.0,7.0,6.45,6.66,58132,WKHS,Workhorse Group Inc,1,2.14723926380369
15525,2016-08-01,6.62,6.75,6.43,6.52,22095,WKHS,Workhorse Group Inc,1,-19.605425400739826
15548,2016-09-01,8.27,8.43,8.05,8.11,33844,WKHS,Workhorse Group Inc,1,23.816793893129766
15590,2016-11-01,6.7,6.98,6.42,6.55,71645,WKHS,Workhorse Group Inc,1,-8.134642356241235
15611,2016-12-01,7.48,7.48,7.09,7.13,39743,WKHS,Workhorse Group Inc,1,132.24755700325736
15652,2017-02-01,3.26,3.26,2.91,3.07,344839,WKHS,Workhorse Group Inc,1,1.3201320132013215
15671,2017-03-01,2.92,3.11,2.92,3.03,314413,WKHS,Workhorse Group Inc,1,51.49999999999999
15713,2017-05-01,2.05,2.06,1.9,2.0,332622,WKHS,Workhorse Group Inc,1,-44.44444444444445
15735,2017-06-01,3.62,3.74,3.5,3.6,424425,WKHS,Workhorse Group Inc,1,19.601328903654498
15777,2017-08-01,3.08,3.11,2.94,3.01,524372,WKHS,Workhorse Group Inc,1,-5.047318611987387
15800,2017-09-01,3.36,3.36,3.02,3.17,277458,WKHS,Workhorse Group Inc,1,21.923076923076916
15842,2017-11-01,2.63,2.6529,2.56,2.6,117860,WKHS,Workhorse Group Inc,1,-8.12720848056537
15863,2017-12-01,2.87,2.89,2.65,2.83,262141,WKHS,Workhorse Group Inc,1,-7.213114754098353
15904,2018-02-01,3.21,3.239,2.88,3.05,372801,WKHS,Workhorse Group Inc,1,-4.388714733542324
15923,2018-03-01,3.2,3.2379,3.1210000000000004,3.19,117940,WKHS,Workhorse Group Inc,1,11.929824561403503
15965,2018-05-01,2.9,2.9,2.81,2.85,73207,WKHS,Workhorse Group Inc,1,8.778625954198473
15987,2018-06-01,2.61,2.63,2.58,2.62,146959,WKHS,Workhorse Group Inc,1,79.45205479452055
16029,2018-08-01,1.51,1.51,1.43,1.46,72209,WKHS,Workhorse Group Inc,1,33.94495412844035
16071,2018-10-01,1.15,1.15,1.07,1.09,190906,WKHS,Workhorse Group Inc,1,35.572139303482594
16094,2018-11-01,0.8,0.85,0.77,0.804,309764,WKHS,Workhorse Group Inc,1,-99.85845379431858
16196,2014-04-01,560.6951,569.3188,559.559,568.0124,4360891,GOOGL,Alpabet / Google,1,5.47460679999257
16217,2014-05-01,534.25,539.91,532.86,538.53,2004375,GOOGL,Alpabet / Google,1,-8.953659402525831
16259,2014-07-01,587.65,593.66,586.29,591.49,1644628,GOOGL,Alpabet / Google,1,3.1188981868898162
16281,2014-08-01,578.555,583.43,570.3,573.6,2213790,GOOGL,Alpabet / Google,1,-1.040318824077424
16323,2014-10-01,586.8,588.72,578.02,579.63,1449686,GOOGL,Alpabet / Google,1,7.408505512832394
16365,2014-12-01,545.09,548.79,538.62,539.65,1994399,GOOGL,Alpabet / Google,1,-1.790751424047759
16448,2015-04-01,554.83,558.5,546.03,549.49,1945090,GOOGL,Alpabet / Google,1,-0.3029973147543289
16469,2015-05-01,550.51,551.22,543.85,551.16,1828566,GOOGL,Alpabet / Google,1,0.3550554432730525
16489,2015-06-01,548.73,550.57,543.58,549.21,1660500,GOOGL,Alpabet / Google,1,1.087796797349546
16511,2015-07-01,543.66,545.81,539.76,543.3,1537973,GOOGL,Alpabet / Google,1,-13.701632886460386
16554,2015-09-01,633.66,644.44,625.06,629.56,2572884,GOOGL,Alpabet / Google,1,-1.9376947040498527
16575,2015-10-01,637.94,643.84,631.115,642.0,2125315,GOOGL,Alpabet / Google,1,-18.090304801030886
16617,2015-12-01,766.94,785.0,765.95,783.79,2019864,GOOGL,Alpabet / Google,1,1.6892198710380506
16658,2016-02-01,771.26,777.59,761.38,770.77,5576089,GOOGL,Alpabet / Google,1,3.853564547206169
16678,2016-03-01,721.3,742.33,718.64,742.17,3005553,GOOGL,Alpabet / Google,1,-3.572959839931399
16700,2016-04-01,757.16,770.04,755.2,769.67,1583698,GOOGL,Alpabet / Google,1,2.8338187745503998
16742,2016-06-01,748.47,751.37,744.34,748.46,1039847,GOOGL,Alpabet / Google,1,5.379795846532916
16764,2016-07-01,705.1,712.53,703.73,710.25,1549160,GOOGL,Alpabet / Google,1,-11.322945538991691
16784,2016-08-01,786.67,807.49,785.04,800.94,3029658,GOOGL,Alpabet / Google,1,1.205458680818812
16807,2016-09-01,791.98,792.89,786.33,791.4,1303460,GOOGL,Alpabet / Google,1,-1.7480260217510109
16849,2016-11-01,810.87,813.96,798.26,805.48,2355890,GOOGL,Alpabet / Google,1,5.383800191016966
16870,2016-12-01,778.55,778.6,753.36,764.33,2867074,GOOGL,Alpabet / Google,1,-6.244786811245764
16911,2017-02-01,824.0,824.0,812.25,815.24,2251047,GOOGL,Alpabet / Google,1,-4.845053983075575
16930,2017-03-01,851.38,858.0,849.02,856.75,1818671,GOOGL,Alpabet / Google,1,-8.154842306125516
16972,2017-05-01,924.15,935.82,920.8,932.82,2327782,GOOGL,Alpabet / Google,1,-5.6127250098655175
16994,2017-06-01,990.96,993.14,981.29,988.29,1306384,GOOGL,Alpabet / Google,1,4.408595334685601
17036,2017-08-01,947.81,954.49,944.96,946.56,1332456,GOOGL,Alpabet / Google,1,-0.5703841426905811
17059,2017-09-01,957.47,958.33,950.28,951.99,1042885,GOOGL,Alpabet / Google,1,-8.690773067331662
17101,2017-11-01,1036.32,1047.86,1034.0,1042.6,2163073,GOOGL,Alpabet / Google,1,1.7101271132703106
17122,2017-12-01,1030.41,1037.24,1016.9,1025.07,1888081,GOOGL,Alpabet / Google,1,-13.246557604583654
17163,2018-02-01,1175.99,1187.45,1169.36,1181.59,3675709,GOOGL,Alpabet / Google,1,10.283644916511872
17182,2018-03-01,1109.54,1111.27,1067.29,1071.41,2766856,GOOGL,Alpabet / Google,1,2.945952438145576
17224,2018-05-01,1016.3,1041.73,1010.61,1040.75,1766256,GOOGL,Alpabet / Google,1,-8.30396475770925
17246,2018-06-01,1112.87,1138.16,1112.01,1135.0,3160100,GOOGL,Alpabet / Google,1,-7.947347504845944
17288,2018-08-01,1239.11,1245.9,1224.94,1232.99,1849740,GOOGL,Alpabet / Google,1,2.0239464473368503
17330,2018-10-01,1213.0,1224.2,1203.19,1208.53,1659364,GOOGL,Alpabet / Google,1,11.284738208806788
